{"type":"FeatureCollection","features":[{"type":"Feature","properties":{"name":"Piemonte"},"geometry":{"type":"MultiPolygon","coordinates":[[[[7.136,45.28],[7.11,45.327],[7.132,45.33],[7.134,45.348],[7.164,45.361],[7.159,45.37],[7.163,45.382],[7.186,45.403],[7.121,45.432],[7.1,45.456],[7.1,45.464],[7.115,45.477],[7.122,45.506],[7.134,45.515],[7.143,45.506],[7.137,45.491],[7.144,45.478],[7.16,45.487],[7.199,45.481],[7.223,45.47],[7.248,45.494],[7.264,45.499],[7.269,45.515],[7.321,45.514],[7.359,45.526],[7.377,45.517],[7.421,45.547],[7.448,45.556],[7.464,45.575],[7.489,45.583],[7.532,45.577],[7.547,45.588],[7.566,45.592],[7.6,45.578],[7.609,45.563],[7.634,45.571],[7.676,45.552],[7.719,45.559],[7.733,45.55],[7.785,45.575],[7.796,45.586],[7.828,45.597],[7.879,45.6],[7.901,45.592],[7.897,45.613],[7.915,45.633],[7.936,45.636],[7.94,45.644],[7.905,45.685],[7.911,45.7],[7.92,45.702],[7.937,45.724],[7.927,45.735],[7.929,45.742],[7.895,45.753],[7.864,45.79],[7.862,45.82],[7.873,45.826],[7.864,45.84],[7.876,45.862],[7.869,45.869],[7.861,45.91],[7.877,45.926],[7.868,45.938],[7.878,45.973],[7.906,45.994],[7.989,45.996],[8.012,46.012],[8.014,46.033],[8.033,46.047],[8.022,46.07],[8.033,46.098],[8.108,46.112],[8.115,46.13],[8.15,46.141],[8.151,46.164],[8.165,46.182],[8.139,46.226],[8.125,46.23],[8.107,46.25],[8.08,46.261],[8.138,46.302],[8.164,46.296],[8.203,46.304],[8.225,46.335],[8.261,46.348],[8.263,46.364],[8.285,46.365],[8.315,46.381],[8.317,46.397],[8.291,46.407],[8.306,46.426],[8.33,46.429],[8.364,46.451],[8.447,46.463],[8.466,46.443],[8.458,46.422],[8.469,46.412],[8.463,46.384],[8.469,46.365],[8.462,46.353],[8.465,46.334],[8.444,46.319],[8.44,46.305],[8.428,46.298],[8.456,46.264],[8.444,46.25],[8.465,46.244],[8.469,46.233],[8.533,46.217],[8.541,46.198],[8.564,46.184],[8.574,46.164],[8.602,46.154],[8.592,46.146],[8.61,46.133],[8.612,46.121],[8.648,46.123],[8.66,46.112],[8.715,46.098],[8.705,46.082],[8.729,46.029],[8.721,46.012],[8.572,45.901],[8.571,45.89],[8.592,45.852],[8.595,45.834],[8.588,45.819],[8.556,45.8],[8.556,45.775],[8.595,45.73],[8.643,45.723],[8.653,45.714],[8.641,45.677],[8.681,45.676],[8.682,45.669],[8.67,45.661],[8.688,45.637],[8.679,45.634],[8.666,45.643],[8.659,45.638],[8.666,45.63],[8.663,45.622],[8.682,45.62],[8.694,45.61],[8.689,45.608],[8.692,45.604],[8.703,45.6],[8.704,45.588],[8.693,45.578],[8.706,45.569],[8.708,45.548],[8.719,45.531],[8.713,45.52],[8.728,45.502],[8.76,45.497],[8.773,45.485],[8.787,45.486],[8.788,45.463],[8.808,45.448],[8.808,45.433],[8.826,45.434],[8.825,45.419],[8.843,45.394],[8.811,45.389],[8.812,45.383],[8.802,45.379],[8.765,45.388],[8.761,45.376],[8.719,45.378],[8.721,45.37],[8.76,45.352],[8.742,45.332],[8.725,45.336],[8.716,45.303],[8.691,45.293],[8.665,45.293],[8.656,45.326],[8.632,45.338],[8.632,45.346],[8.625,45.352],[8.571,45.349],[8.557,45.353],[8.553,45.361],[8.542,45.348],[8.526,45.342],[8.538,45.317],[8.514,45.313],[8.498,45.292],[8.518,45.287],[8.514,45.274],[8.535,45.278],[8.533,45.258],[8.543,45.253],[8.536,45.248],[8.523,45.255],[8.522,45.249],[8.556,45.241],[8.529,45.24],[8.544,45.234],[8.527,45.229],[8.523,45.222],[8.548,45.204],[8.525,45.198],[8.531,45.193],[8.552,45.196],[8.557,45.205],[8.581,45.202],[8.546,45.183],[8.543,45.173],[8.555,45.164],[8.554,45.157],[8.582,45.151],[8.59,45.133],[8.612,45.128],[8.609,45.107],[8.646,45.075],[8.637,45.066],[8.645,45.057],[8.635,45.041],[8.653,45.034],[8.657,45.028],[8.652,45.024],[8.659,45.018],[8.673,45.028],[8.695,45.023],[8.71,45.038],[8.728,45.023],[8.751,45.021],[8.754,45.015],[8.748,45.009],[8.762,45.012],[8.772,45.007],[8.779,45.013],[8.778,45.024],[8.798,45.021],[8.802,45.026],[8.796,45.036],[8.81,45.034],[8.825,45.044],[8.864,45.049],[8.887,45.06],[8.881,45.054],[8.9,45.044],[8.895,45.04],[8.904,45.03],[8.901,45.008],[8.917,44.988],[8.926,44.982],[8.961,44.987],[8.978,44.967],[8.97,44.944],[8.998,44.918],[9.001,44.908],[9.03,44.888],[9.055,44.889],[9.07,44.865],[9.049,44.85],[9.064,44.83],[9.073,44.828],[9.072,44.817],[9.095,44.819],[9.126,44.806],[9.161,44.815],[9.16,44.806],[9.174,44.796],[9.172,44.772],[9.194,44.757],[9.214,44.752],[9.203,44.722],[9.207,44.706],[9.199,44.684],[9.206,44.66],[9.198,44.65],[9.205,44.599],[9.153,44.574],[9.135,44.574],[9.111,44.582],[9.102,44.593],[9.104,44.609],[9.073,44.624],[9.047,44.615],[9.039,44.641],[9.032,44.642],[9.033,44.647],[9.015,44.666],[8.974,44.663],[8.96,44.676],[8.931,44.676],[8.909,44.648],[8.883,44.639],[8.908,44.614],[8.912,44.58],[8.922,44.567],[8.918,44.561],[8.891,44.551],[8.869,44.566],[8.863,44.561],[8.827,44.562],[8.822,44.55],[8.829,44.543],[8.799,44.53],[8.798,44.5],[8.789,44.496],[8.788,44.489],[8.767,44.492],[8.772,44.508],[8.768,44.525],[8.76,44.53],[8.75,44.527],[8.757,44.536],[8.738,44.552],[8.733,44.57],[8.714,44.581],[8.69,44.582],[8.682,44.575],[8.667,44.582],[8.632,44.58],[8.624,44.586],[8.611,44.571],[8.601,44.568],[8.599,44.559],[8.614,44.546],[8.607,44.538],[8.593,44.535],[8.587,44.524],[8.574,44.523],[8.576,44.509],[8.559,44.503],[8.537,44.513],[8.482,44.511],[8.471,44.522],[8.453,44.51],[8.449,44.497],[8.416,44.512],[8.4,44.502],[8.401,44.493],[8.391,44.488],[8.392,44.477],[8.36,44.465],[8.349,44.486],[8.322,44.488],[8.305,44.503],[8.276,44.507],[8.253,44.529],[8.224,44.514],[8.216,44.497],[8.223,44.486],[8.202,44.478],[8.198,44.471],[8.196,44.464],[8.21,44.456],[8.207,44.448],[8.222,44.433],[8.206,44.404],[8.15,44.385],[8.15,44.375],[8.141,44.371],[8.149,44.355],[8.145,44.347],[8.134,44.332],[8.106,44.332],[8.109,44.315],[8.102,44.301],[8.076,44.314],[8.061,44.3],[8.064,44.288],[8.076,44.288],[8.091,44.275],[8.082,44.263],[8.063,44.253],[8.081,44.241],[8.065,44.217],[8.095,44.197],[8.092,44.175],[8.068,44.145],[8.043,44.143],[8.029,44.154],[8.012,44.156],[7.98,44.138],[7.979,44.134],[8.011,44.122],[8.003,44.117],[8.016,44.111],[8.007,44.103],[7.972,44.113],[7.942,44.1],[7.926,44.11],[7.884,44.105],[7.868,44.117],[7.816,44.123],[7.764,44.141],[7.724,44.124],[7.718,44.104],[7.732,44.084],[7.759,44.084],[7.738,44.076],[7.723,44.061],[7.714,44.062],[7.718,44.082],[7.667,44.13],[7.679,44.147],[7.671,44.153],[7.672,44.16],[7.685,44.174],[7.673,44.177],[7.636,44.177],[7.619,44.149],[7.566,44.155],[7.556,44.148],[7.535,44.147],[7.522,44.138],[7.508,44.144],[7.458,44.127],[7.428,44.13],[7.423,44.113],[7.393,44.126],[7.355,44.118],[7.341,44.146],[7.278,44.142],[7.248,44.158],[7.243,44.172],[7.219,44.169],[7.193,44.188],[7.187,44.201],[7.177,44.198],[7.161,44.207],[7.143,44.201],[7.07,44.234],[7.035,44.224],[7.008,44.236],[6.997,44.25],[6.996,44.28],[6.958,44.295],[6.957,44.314],[6.927,44.333],[6.919,44.353],[6.887,44.362],[6.897,44.376],[6.893,44.42],[6.948,44.43],[6.912,44.453],[6.907,44.466],[6.876,44.481],[6.86,44.506],[6.855,44.533],[6.881,44.554],[6.914,44.559],[6.912,44.569],[6.933,44.573],[6.938,44.603],[6.952,44.621],[6.968,44.62],[6.948,44.653],[6.962,44.677],[6.99,44.69],[7.03,44.691],[7.07,44.68],[7.075,44.69],[7.065,44.714],[7.042,44.719],[7.031,44.729],[7.022,44.748],[7.021,44.772],[7.002,44.791],[7.024,44.823],[7.01,44.826],[7.001,44.842],[6.932,44.863],[6.913,44.845],[6.871,44.85],[6.751,44.906],[6.749,44.922],[6.76,44.934],[6.743,44.936],[6.766,44.962],[6.764,44.971],[6.74,44.99],[6.751,44.998],[6.746,45.013],[6.725,45.022],[6.671,45.024],[6.665,45.034],[6.662,45.071],[6.646,45.075],[6.646,45.082],[6.627,45.103],[6.635,45.116],[6.672,45.124],[6.68,45.14],[6.712,45.145],[6.74,45.137],[6.769,45.16],[6.823,45.144],[6.848,45.127],[6.894,45.137],[6.898,45.141],[6.886,45.154],[6.894,45.169],[6.947,45.17],[6.943,45.176],[6.953,45.18],[6.955,45.191],[6.968,45.196],[6.963,45.205],[6.989,45.21],[7.003,45.22],[7.025,45.216],[7.051,45.226],[7.067,45.21],[7.077,45.214],[7.11,45.245],[7.124,45.244],[7.135,45.254],[7.131,45.274],[7.136,45.28]]]]}},{"type":"Feature","properties":{"name":"Valle d'Aosta/Vallée d'Aoste"},"geometry":{"type":"MultiPolygon","coordinates":[[[[7.735,45.924],[7.751,45.94],[7.769,45.937],[7.8,45.917],[7.821,45.927],[7.864,45.916],[7.869,45.869],[7.876,45.862],[7.864,45.84],[7.873,45.826],[7.862,45.82],[7.864,45.79],[7.895,45.753],[7.929,45.742],[7.927,45.735],[7.937,45.724],[7.92,45.702],[7.911,45.7],[7.905,45.685],[7.94,45.644],[7.936,45.636],[7.915,45.633],[7.897,45.613],[7.9,45.591],[7.881,45.6],[7.862,45.597],[7.849,45.602],[7.796,45.586],[7.785,45.575],[7.733,45.55],[7.719,45.559],[7.676,45.552],[7.634,45.571],[7.609,45.563],[7.6,45.578],[7.566,45.592],[7.547,45.588],[7.532,45.577],[7.489,45.583],[7.464,45.575],[7.448,45.556],[7.421,45.547],[7.377,45.517],[7.359,45.526],[7.321,45.514],[7.269,45.515],[7.264,45.499],[7.248,45.494],[7.223,45.47],[7.199,45.481],[7.16,45.487],[7.143,45.478],[7.137,45.491],[7.143,45.499],[7.138,45.516],[7.122,45.506],[7.115,45.477],[7.104,45.467],[7.048,45.472],[7.045,45.48],[7.055,45.494],[7.0,45.505],[7.004,45.52],[6.99,45.531],[6.995,45.576],[6.978,45.589],[6.984,45.624],[7.0,45.635],[6.997,45.641],[6.969,45.655],[6.925,45.649],[6.916,45.652],[6.902,45.681],[6.893,45.676],[6.848,45.69],[6.813,45.723],[6.811,45.729],[6.817,45.74],[6.805,45.754],[6.802,45.782],[6.812,45.806],[6.805,45.817],[6.818,45.833],[6.843,45.842],[6.865,45.833],[6.88,45.85],[6.897,45.843],[6.942,45.849],[6.955,45.861],[6.99,45.868],[7.006,45.889],[7.004,45.899],[7.033,45.921],[7.045,45.923],[7.057,45.914],[7.094,45.876],[7.102,45.859],[7.118,45.86],[7.156,45.879],[7.172,45.865],[7.19,45.859],[7.2,45.863],[7.2,45.875],[7.221,45.89],[7.25,45.893],[7.257,45.889],[7.294,45.922],[7.324,45.91],[7.344,45.915],[7.386,45.897],[7.403,45.911],[7.427,45.916],[7.442,45.93],[7.474,45.936],[7.471,45.947],[7.478,45.953],[7.502,45.961],[7.541,45.956],[7.546,45.985],[7.57,45.988],[7.578,45.986],[7.589,45.971],[7.664,45.976],[7.681,45.957],[7.71,45.948],[7.709,45.933],[7.718,45.925],[7.735,45.924]]]]}},{"type":"Feature","properties":{"name":"Liguria"},"geometry":{"type":"MultiPolygon","coordinates":[[[[7.552,43.894],[7.563,43.901],[7.56,43.915],[7.572,43.935],[7.567,43.944],[7.649,43.974],[7.67,43.998],[7.663,44.029],[7.694,44.04],[7.712,44.06],[7.723,44.061],[7.738,44.076],[7.759,44.084],[7.733,44.084],[7.718,44.104],[7.728,44.127],[7.764,44.141],[7.816,44.123],[7.868,44.117],[7.884,44.105],[7.926,44.11],[7.942,44.1],[7.972,44.113],[8.005,44.102],[8.016,44.111],[8.003,44.117],[8.012,44.12],[7.979,44.134],[7.985,44.143],[8.012,44.156],[8.029,44.154],[8.045,44.143],[8.071,44.147],[8.092,44.175],[8.095,44.197],[8.065,44.217],[8.081,44.24],[8.063,44.253],[8.082,44.263],[8.091,44.275],[8.076,44.288],[8.064,44.288],[8.061,44.3],[8.076,44.314],[8.102,44.301],[8.109,44.315],[8.106,44.332],[8.134,44.332],[8.145,44.347],[8.149,44.355],[8.141,44.371],[8.15,44.375],[8.15,44.385],[8.206,44.404],[8.222,44.433],[8.207,44.448],[8.21,44.456],[8.196,44.465],[8.202,44.478],[8.223,44.486],[8.216,44.497],[8.226,44.515],[8.253,44.529],[8.276,44.507],[8.305,44.503],[8.322,44.488],[8.349,44.486],[8.36,44.465],[8.392,44.477],[8.391,44.488],[8.401,44.493],[8.4,44.502],[8.416,44.512],[8.449,44.497],[8.453,44.51],[8.471,44.522],[8.482,44.511],[8.537,44.513],[8.559,44.503],[8.576,44.509],[8.574,44.523],[8.587,44.524],[8.593,44.535],[8.607,44.538],[8.614,44.546],[8.599,44.559],[8.601,44.568],[8.611,44.571],[8.624,44.586],[8.632,44.58],[8.667,44.582],[8.682,44.575],[8.69,44.582],[8.721,44.58],[8.733,44.57],[8.738,44.552],[8.757,44.536],[8.75,44.527],[8.76,44.53],[8.768,44.525],[8.772,44.508],[8.767,44.492],[8.788,44.489],[8.789,44.496],[8.798,44.5],[8.799,44.53],[8.829,44.543],[8.822,44.55],[8.827,44.562],[8.863,44.561],[8.869,44.566],[8.891,44.551],[8.918,44.561],[8.922,44.567],[8.912,44.58],[8.908,44.614],[8.883,44.639],[8.909,44.648],[8.931,44.676],[8.96,44.676],[8.974,44.663],[9.015,44.666],[9.033,44.647],[9.032,44.642],[9.039,44.641],[9.047,44.615],[9.073,44.624],[9.104,44.609],[9.102,44.593],[9.111,44.582],[9.138,44.574],[9.153,44.574],[9.183,44.591],[9.199,44.593],[9.205,44.599],[9.203,44.613],[9.245,44.62],[9.257,44.611],[9.246,44.599],[9.28,44.596],[9.288,44.608],[9.3,44.608],[9.347,44.58],[9.364,44.585],[9.381,44.577],[9.389,44.59],[9.403,44.591],[9.406,44.601],[9.421,44.593],[9.423,44.575],[9.441,44.567],[9.45,44.572],[9.453,44.562],[9.47,44.566],[9.491,44.559],[9.488,44.546],[9.505,44.53],[9.495,44.5],[9.497,44.483],[9.469,44.482],[9.471,44.472],[9.452,44.44],[9.44,44.43],[9.438,44.419],[9.472,44.422],[9.479,44.409],[9.493,44.423],[9.547,44.427],[9.559,44.439],[9.582,44.429],[9.606,44.436],[9.613,44.426],[9.655,44.412],[9.675,44.365],[9.706,44.366],[9.729,44.328],[9.753,44.323],[9.764,44.306],[9.806,44.283],[9.815,44.286],[9.853,44.27],[9.86,44.252],[9.857,44.234],[9.875,44.224],[9.858,44.194],[9.865,44.181],[9.873,44.195],[9.891,44.208],[9.909,44.21],[9.915,44.2],[9.934,44.197],[9.922,44.195],[9.893,44.167],[9.973,44.167],[9.983,44.126],[9.995,44.116],[9.987,44.097],[9.993,44.093],[10.004,44.109],[10.024,44.119],[10.047,44.115],[10.07,44.092],[10.029,44.06],[10.019,44.044],[9.994,44.051],[9.978,44.035],[9.963,44.037],[9.908,44.069],[9.907,44.081],[9.881,44.081],[9.851,44.11],[9.836,44.11],[9.821,44.095],[9.813,44.101],[9.839,44.065],[9.846,44.069],[9.852,44.06],[9.833,44.049],[9.754,44.091],[9.739,44.092],[9.725,44.113],[9.668,44.142],[9.644,44.144],[9.635,44.134],[9.606,44.158],[9.606,44.171],[9.568,44.183],[9.569,44.191],[9.552,44.205],[9.527,44.208],[9.503,44.222],[9.488,44.239],[9.48,44.241],[9.473,44.234],[9.443,44.239],[9.433,44.254],[9.419,44.26],[9.403,44.252],[9.396,44.267],[9.386,44.27],[9.393,44.278],[9.377,44.29],[9.235,44.348],[9.23,44.348],[9.225,44.335],[9.214,44.334],[9.214,44.313],[9.209,44.311],[9.218,44.299],[9.152,44.317],[9.154,44.349],[9.14,44.36],[9.099,44.372],[8.931,44.396],[8.924,44.406],[8.928,44.41],[8.919,44.414],[8.911,44.408],[8.918,44.398],[8.822,44.415],[8.849,44.418],[8.838,44.423],[8.777,44.427],[8.798,44.422],[8.797,44.417],[8.744,44.427],[8.693,44.408],[8.68,44.393],[8.649,44.39],[8.616,44.368],[8.573,44.358],[8.564,44.346],[8.509,44.328],[8.485,44.31],[8.5,44.317],[8.493,44.306],[8.451,44.288],[8.44,44.27],[8.45,44.263],[8.454,44.268],[8.456,44.258],[8.443,44.238],[8.416,44.221],[8.425,44.195],[8.399,44.181],[8.296,44.154],[8.269,44.139],[8.263,44.132],[8.269,44.132],[8.249,44.117],[8.23,44.088],[8.226,44.043],[8.179,44.011],[8.163,43.993],[8.16,43.974],[8.174,43.955],[8.142,43.947],[8.128,43.927],[8.094,43.917],[8.071,43.891],[8.034,43.884],[7.949,43.847],[7.847,43.829],[7.833,43.816],[7.805,43.823],[7.739,43.795],[7.7,43.799],[7.673,43.776],[7.575,43.793],[7.559,43.787],[7.556,43.78],[7.531,43.784],[7.495,43.862],[7.515,43.884],[7.552,43.894]]]]}},{"type":"Feature","properties":{"name":"Lombardia"},"geometry":{"type":"MultiPolygon","coordinates":[[[[8.58,45.752],[8.556,45.774],[8.552,45.788],[8.558,45.804],[8.582,45.814],[8.595,45.834],[8.592,45.852],[8.571,45.89],[8.572,45.901],[8.726,46.018],[8.728,46.03],[8.706,46.085],[8.725,46.11],[8.743,46.122],[8.76,46.102],[8.783,46.094],[8.806,46.101],[8.852,46.076],[8.855,46.062],[8.844,46.049],[8.834,46.051],[8.83,46.046],[8.835,46.044],[8.82,46.025],[8.806,46.022],[8.786,45.989],[8.831,45.988],[8.868,45.961],[8.894,45.958],[8.899,45.945],[8.893,45.931],[8.925,45.906],[8.922,45.895],[8.932,45.885],[8.934,45.87],[8.942,45.87],[8.915,45.844],[8.912,45.83],[8.95,45.843],[8.97,45.832],[8.986,45.838],[8.995,45.834],[8.994,45.824],[9.005,45.82],[9.034,45.823],[9.036,45.841],[9.049,45.852],[9.054,45.872],[9.067,45.876],[9.089,45.901],[9.078,45.9],[9.07,45.912],[9.043,45.927],[9.019,45.929],[9.022,45.938],[9.013,45.942],[9.014,45.96],[8.989,45.971],[9.028,45.994],[9.022,46.017],[9.009,46.027],[9.009,46.036],[9.024,46.053],[9.078,46.065],[9.09,46.088],[9.072,46.12],[9.121,46.135],[9.16,46.171],[9.184,46.172],[9.194,46.18],[9.2,46.206],[9.218,46.215],[9.221,46.23],[9.248,46.234],[9.255,46.269],[9.285,46.297],[9.282,46.308],[9.3,46.327],[9.292,46.335],[9.299,46.343],[9.297,46.351],[9.281,46.359],[9.277,46.369],[9.284,46.386],[9.276,46.395],[9.281,46.41],[9.247,46.436],[9.248,46.447],[9.278,46.462],[9.275,46.481],[9.282,46.497],[9.362,46.51],[9.372,46.504],[9.371,46.49],[9.41,46.467],[9.433,46.497],[9.461,46.507],[9.459,46.485],[9.449,46.483],[9.462,46.48],[9.464,46.47],[9.457,46.463],[9.454,46.422],[9.467,46.398],[9.462,46.376],[9.496,46.364],[9.521,46.325],[9.549,46.302],[9.561,46.306],[9.583,46.294],[9.61,46.295],[9.633,46.286],[9.672,46.301],[9.704,46.291],[9.714,46.293],[9.724,46.31],[9.723,46.341],[9.737,46.351],[9.777,46.335],[9.838,46.361],[9.871,46.363],[9.906,46.381],[9.925,46.366],[9.934,46.375],[9.953,46.379],[9.966,46.363],[9.996,46.351],[9.981,46.324],[9.997,46.314],[10.001,46.303],[9.993,46.293],[9.997,46.284],[10.03,46.277],[10.056,46.264],[10.06,46.248],[10.047,46.229],[10.071,46.217],[10.095,46.229],[10.124,46.224],[10.146,46.23],[10.176,46.258],[10.15,46.294],[10.117,46.314],[10.106,46.331],[10.108,46.35],[10.129,46.363],[10.128,46.378],[10.142,46.386],[10.162,46.387],[10.166,46.407],[10.161,46.416],[10.153,46.414],[10.143,46.428],[10.131,46.432],[10.08,46.421],[10.06,46.428],[10.055,46.441],[10.041,46.444],[10.053,46.463],[10.044,46.483],[10.047,46.511],[10.054,46.521],[10.044,46.538],[10.083,46.564],[10.079,46.575],[10.101,46.583],[10.102,46.611],[10.13,46.606],[10.191,46.626],[10.219,46.622],[10.24,46.635],[10.256,46.608],[10.242,46.591],[10.244,46.578],[10.254,46.572],[10.271,46.576],[10.282,46.572],[10.296,46.55],[10.311,46.547],[10.325,46.551],[10.338,46.543],[10.352,46.556],[10.398,46.544],[10.419,46.551],[10.453,46.531],[10.458,46.511],[10.476,46.496],[10.555,46.489],[10.576,46.474],[10.6,46.469],[10.622,46.448],[10.617,46.444],[10.618,46.417],[10.631,46.402],[10.606,46.379],[10.567,46.378],[10.541,46.355],[10.519,46.355],[10.516,46.343],[10.563,46.327],[10.565,46.313],[10.578,46.302],[10.56,46.285],[10.576,46.273],[10.585,46.245],[10.541,46.189],[10.565,46.167],[10.547,46.144],[10.548,46.116],[10.536,46.098],[10.483,46.057],[10.484,46.024],[10.458,46.01],[10.453,45.989],[10.453,45.977],[10.487,45.971],[10.485,45.945],[10.491,45.942],[10.491,45.933],[10.509,45.924],[10.506,45.903],[10.496,45.9],[10.49,45.885],[10.504,45.874],[10.503,45.83],[10.508,45.824],[10.528,45.827],[10.544,45.818],[10.526,45.806],[10.534,45.801],[10.533,45.788],[10.564,45.785],[10.602,45.803],[10.635,45.807],[10.641,45.802],[10.656,45.832],[10.677,45.831],[10.696,45.84],[10.711,45.836],[10.736,45.843],[10.756,45.83],[10.763,45.84],[10.777,45.843],[10.791,45.833],[10.825,45.838],[10.84,45.833],[10.832,45.816],[10.81,45.798],[10.706,45.676],[10.628,45.602],[10.648,45.449],[10.624,45.444],[10.627,45.438],[10.647,45.441],[10.644,45.418],[10.655,45.416],[10.665,45.428],[10.713,45.419],[10.719,45.406],[10.717,45.396],[10.698,45.379],[10.715,45.368],[10.686,45.354],[10.687,45.343],[10.715,45.334],[10.706,45.316],[10.73,45.316],[10.728,45.291],[10.737,45.287],[10.783,45.315],[10.84,45.273],[10.847,45.257],[10.897,45.247],[10.902,45.237],[10.937,45.233],[10.931,45.226],[10.935,45.214],[10.947,45.206],[10.985,45.199],[10.997,45.187],[10.994,45.152],[11.01,45.149],[11.028,45.159],[11.036,45.15],[11.049,45.151],[11.042,45.144],[11.044,45.134],[11.029,45.123],[11.073,45.099],[11.098,45.095],[11.095,45.106],[11.102,45.113],[11.127,45.103],[11.138,45.123],[11.146,45.126],[11.188,45.11],[11.203,45.112],[11.178,45.097],[11.177,45.088],[11.188,45.084],[11.175,45.075],[11.175,45.06],[11.212,45.057],[11.24,45.043],[11.266,45.056],[11.27,45.045],[11.263,45.033],[11.274,45.018],[11.309,45.012],[11.336,44.99],[11.416,44.967],[11.426,44.96],[11.427,44.95],[11.406,44.949],[11.377,44.958],[11.357,44.95],[11.309,44.96],[11.285,44.957],[11.272,44.938],[11.246,44.951],[11.152,44.933],[11.118,44.954],[11.072,44.962],[11.06,44.949],[10.997,44.955],[10.967,44.935],[10.951,44.933],[10.951,44.928],[10.941,44.922],[10.917,44.924],[10.89,44.912],[10.898,44.922],[10.877,44.917],[10.865,44.93],[10.848,44.926],[10.819,44.937],[10.745,44.949],[10.748,44.963],[10.741,44.981],[10.727,44.992],[10.712,44.985],[10.711,44.973],[10.695,44.962],[10.688,44.966],[10.696,44.974],[10.687,44.987],[10.628,44.924],[10.57,44.908],[10.52,44.913],[10.501,44.924],[10.436,44.943],[10.417,44.978],[10.406,44.984],[10.359,44.966],[10.309,44.987],[10.305,44.999],[10.274,44.999],[10.256,45.018],[10.211,45.034],[10.187,45.028],[10.169,45.043],[10.158,45.044],[10.147,45.035],[10.106,45.022],[10.089,45.027],[10.082,45.047],[10.05,45.041],[10.053,45.051],[10.047,45.059],[10.022,45.076],[10.029,45.096],[9.985,45.133],[9.971,45.132],[9.936,45.104],[9.918,45.1],[9.913,45.105],[9.927,45.126],[9.923,45.136],[9.914,45.139],[9.881,45.127],[9.875,45.122],[9.878,45.114],[9.901,45.095],[9.897,45.081],[9.881,45.075],[9.862,45.094],[9.838,45.096],[9.831,45.084],[9.834,45.062],[9.824,45.053],[9.817,45.054],[9.813,45.078],[9.779,45.09],[9.758,45.113],[9.745,45.111],[9.753,45.087],[9.75,45.078],[9.715,45.058],[9.677,45.078],[9.635,45.084],[9.631,45.09],[9.641,45.117],[9.629,45.132],[9.619,45.134],[9.612,45.111],[9.587,45.1],[9.586,45.105],[9.569,45.107],[9.549,45.133],[9.536,45.122],[9.551,45.091],[9.533,45.079],[9.499,45.104],[9.439,45.093],[9.436,45.082],[9.411,45.083],[9.406,45.073],[9.371,45.048],[9.376,45.04],[9.369,45.024],[9.376,45.02],[9.366,45.003],[9.344,44.993],[9.335,44.975],[9.338,44.965],[9.325,44.956],[9.322,44.944],[9.315,44.937],[9.285,44.932],[9.293,44.92],[9.277,44.896],[9.293,44.89],[9.29,44.882],[9.309,44.876],[9.322,44.88],[9.342,44.867],[9.35,44.837],[9.363,44.822],[9.346,44.808],[9.322,44.8],[9.318,44.786],[9.285,44.767],[9.288,44.757],[9.333,44.735],[9.308,44.706],[9.325,44.69],[9.306,44.688],[9.299,44.681],[9.279,44.686],[9.259,44.68],[9.235,44.716],[9.232,44.703],[9.242,44.687],[9.2,44.686],[9.207,44.706],[9.203,44.722],[9.214,44.752],[9.194,44.757],[9.172,44.772],[9.174,44.796],[9.16,44.806],[9.161,44.815],[9.126,44.806],[9.095,44.819],[9.072,44.817],[9.073,44.828],[9.064,44.83],[9.049,44.85],[9.07,44.865],[9.055,44.889],[9.03,44.888],[9.001,44.908],[8.998,44.918],[8.97,44.944],[8.978,44.967],[8.961,44.987],[8.926,44.982],[8.917,44.988],[8.901,45.008],[8.904,45.03],[8.895,45.04],[8.9,45.044],[8.881,45.054],[8.887,45.06],[8.864,45.049],[8.825,45.044],[8.81,45.034],[8.796,45.036],[8.802,45.026],[8.798,45.021],[8.778,45.024],[8.779,45.013],[8.772,45.007],[8.762,45.012],[8.748,45.009],[8.754,45.015],[8.751,45.021],[8.728,45.023],[8.71,45.038],[8.695,45.023],[8.673,45.028],[8.659,45.018],[8.652,45.024],[8.657,45.028],[8.653,45.034],[8.635,45.041],[8.645,45.057],[8.637,45.066],[8.646,45.075],[8.609,45.107],[8.612,45.128],[8.59,45.133],[8.582,45.151],[8.554,45.157],[8.555,45.164],[8.543,45.173],[8.546,45.183],[8.581,45.202],[8.557,45.205],[8.552,45.196],[8.531,45.193],[8.525,45.198],[8.548,45.204],[8.523,45.222],[8.527,45.229],[8.544,45.234],[8.529,45.24],[8.556,45.241],[8.522,45.249],[8.523,45.255],[8.536,45.248],[8.543,45.253],[8.533,45.258],[8.535,45.278],[8.514,45.274],[8.518,45.287],[8.498,45.292],[8.514,45.313],[8.538,45.317],[8.526,45.342],[8.542,45.348],[8.553,45.361],[8.557,45.353],[8.571,45.349],[8.625,45.352],[8.632,45.346],[8.632,45.338],[8.656,45.326],[8.665,45.293],[8.691,45.293],[8.716,45.303],[8.725,45.336],[8.742,45.332],[8.76,45.352],[8.721,45.37],[8.719,45.378],[8.761,45.376],[8.765,45.388],[8.802,45.379],[8.812,45.383],[8.811,45.389],[8.843,45.394],[8.825,45.419],[8.826,45.434],[8.808,45.433],[8.808,45.448],[8.788,45.463],[8.787,45.486],[8.773,45.485],[8.76,45.497],[8.728,45.502],[8.713,45.52],[8.719,45.531],[8.708,45.548],[8.706,45.569],[8.693,45.578],[8.704,45.588],[8.703,45.6],[8.692,45.604],[8.689,45.608],[8.694,45.61],[8.682,45.62],[8.663,45.622],[8.666,45.63],[8.659,45.638],[8.666,45.643],[8.679,45.634],[8.688,45.637],[8.67,45.661],[8.682,45.669],[8.681,45.676],[8.641,45.677],[8.654,45.708],[8.652,45.716],[8.643,45.723],[8.596,45.729],[8.58,45.752]]]]}},{"type":"Feature","properties":{"name":"Trentino-Alto Adige/Südtirol"},"geometry":{"type":"MultiPolygon","coordinates":[[[[12.014,46.551],[11.998,46.533],[11.988,46.545],[11.968,46.545],[11.95,46.539],[11.945,46.529],[11.912,46.533],[11.828,46.509],[11.814,46.494],[11.813,46.478],[11.879,46.47],[11.887,46.465],[11.888,46.442],[11.871,46.433],[11.85,46.434],[11.838,46.415],[11.844,46.41],[11.832,46.388],[11.835,46.366],[11.82,46.377],[11.813,46.368],[11.791,46.367],[11.774,46.358],[11.8,46.344],[11.803,46.334],[11.832,46.323],[11.832,46.312],[11.841,46.306],[11.826,46.285],[11.841,46.27],[11.885,46.279],[11.885,46.261],[11.892,46.253],[11.929,46.249],[11.91,46.224],[11.924,46.217],[11.939,46.199],[11.962,46.199],[11.951,46.17],[11.929,46.176],[11.919,46.149],[11.901,46.137],[11.906,46.135],[11.89,46.12],[11.807,46.103],[11.773,46.107],[11.759,46.096],[11.751,46.105],[11.717,46.103],[11.703,46.09],[11.685,46.094],[11.686,46.067],[11.705,46.047],[11.677,46.044],[11.666,46.036],[11.682,46.028],[11.667,46.017],[11.69,45.989],[11.684,45.984],[11.686,45.969],[11.676,45.966],[11.628,45.961],[11.631,45.969],[11.621,45.971],[11.588,45.969],[11.577,46.007],[11.511,46.012],[11.492,46.009],[11.447,45.981],[11.374,45.984],[11.382,45.948],[11.38,45.943],[11.358,45.944],[11.358,45.925],[11.345,45.921],[11.349,45.91],[11.325,45.917],[11.301,45.935],[11.304,45.918],[11.258,45.921],[11.261,45.907],[11.251,45.896],[11.255,45.884],[11.237,45.881],[11.244,45.877],[11.24,45.857],[11.222,45.849],[11.219,45.833],[11.189,45.814],[11.203,45.783],[11.174,45.787],[11.18,45.773],[11.178,45.738],[11.146,45.717],[11.132,45.693],[11.09,45.696],[11.056,45.718],[11.041,45.706],[11.03,45.706],[11.016,45.706],[11.012,45.716],[10.996,45.708],[10.989,45.691],[10.968,45.68],[10.972,45.702],[10.962,45.686],[10.951,45.685],[10.943,45.673],[10.922,45.68],[10.912,45.691],[10.926,45.699],[10.884,45.717],[10.844,45.719],[10.855,45.742],[10.863,45.744],[10.867,45.764],[10.885,45.775],[10.873,45.788],[10.877,45.803],[10.888,45.812],[10.826,45.838],[10.791,45.833],[10.773,45.843],[10.756,45.83],[10.733,45.843],[10.711,45.836],[10.696,45.84],[10.677,45.831],[10.656,45.832],[10.644,45.803],[10.611,45.805],[10.575,45.787],[10.554,45.784],[10.533,45.788],[10.534,45.801],[10.526,45.806],[10.543,45.818],[10.528,45.827],[10.508,45.824],[10.502,45.83],[10.504,45.874],[10.49,45.887],[10.496,45.9],[10.506,45.903],[10.509,45.924],[10.491,45.933],[10.491,45.942],[10.485,45.945],[10.487,45.971],[10.453,45.977],[10.453,45.991],[10.462,46.015],[10.484,46.024],[10.483,46.057],[10.536,46.098],[10.548,46.116],[10.547,46.144],[10.565,46.167],[10.541,46.189],[10.585,46.249],[10.576,46.273],[10.56,46.285],[10.58,46.299],[10.565,46.313],[10.563,46.327],[10.516,46.346],[10.519,46.356],[10.54,46.355],[10.567,46.378],[10.606,46.379],[10.631,46.402],[10.618,46.417],[10.617,46.444],[10.622,46.448],[10.6,46.469],[10.576,46.474],[10.543,46.492],[10.476,46.496],[10.458,46.511],[10.453,46.532],[10.473,46.544],[10.492,46.615],[10.446,46.641],[10.403,46.636],[10.393,46.655],[10.388,46.687],[10.418,46.716],[10.402,46.734],[10.442,46.753],[10.442,46.77],[10.425,46.789],[10.449,46.802],[10.473,46.857],[10.5,46.848],[10.553,46.85],[10.554,46.84],[10.668,46.876],[10.697,46.863],[10.695,46.852],[10.756,46.831],[10.763,46.823],[10.746,46.804],[10.726,46.798],[10.73,46.788],[10.759,46.786],[10.786,46.796],[10.816,46.775],[10.84,46.782],[10.883,46.763],[10.922,46.775],[10.994,46.767],[11.014,46.772],[11.022,46.765],[11.042,46.803],[11.083,46.822],[11.072,46.85],[11.1,46.89],[11.096,46.912],[11.108,46.916],[11.11,46.925],[11.12,46.93],[11.141,46.928],[11.165,46.941],[11.165,46.965],[11.241,46.97],[11.319,46.992],[11.335,46.987],[11.358,46.99],[11.384,46.97],[11.406,46.965],[11.437,46.974],[11.453,46.992],[11.467,46.994],[11.479,47.011],[11.51,47.005],[11.538,46.984],[11.624,47.012],[11.663,46.993],[11.711,46.993],[11.73,46.972],[11.747,46.969],[11.766,46.975],[11.781,46.992],[11.831,46.992],[11.932,47.038],[11.944,47.035],[11.979,47.05],[12.021,47.047],[12.043,47.061],[12.073,47.06],[12.094,47.077],[12.12,47.074],[12.187,47.092],[12.224,47.083],[12.24,47.068],[12.217,47.058],[12.205,47.027],[12.167,47.021],[12.147,47.024],[12.121,47.007],[12.138,46.98],[12.132,46.963],[12.157,46.951],[12.168,46.938],[12.144,46.914],[12.189,46.906],[12.216,46.874],[12.241,46.89],[12.274,46.883],[12.276,46.873],[12.29,46.862],[12.296,46.846],[12.307,46.84],[12.283,46.815],[12.292,46.803],[12.281,46.791],[12.284,46.783],[12.311,46.784],[12.357,46.775],[12.384,46.717],[12.443,46.688],[12.475,46.687],[12.478,46.68],[12.438,46.669],[12.404,46.643],[12.38,46.643],[12.378,46.637],[12.39,46.628],[12.385,46.623],[12.359,46.62],[12.341,46.63],[12.316,46.63],[12.306,46.619],[12.286,46.618],[12.26,46.629],[12.192,46.595],[12.194,46.62],[12.171,46.634],[12.146,46.634],[12.068,46.675],[12.071,46.642],[12.066,46.627],[12.047,46.608],[12.046,46.584],[12.014,46.551]]]]}},{"type":"Feature","properties":{"name":"Veneto"},"geometry":{"type":"MultiPolygon","coordinates":[[[[10.635,45.535],[10.631,45.61],[10.706,45.676],[10.81,45.798],[10.832,45.816],[10.84,45.833],[10.888,45.812],[10.877,45.803],[10.873,45.788],[10.885,45.775],[10.867,45.764],[10.863,45.744],[10.855,45.742],[10.844,45.719],[10.884,45.717],[10.926,45.699],[10.912,45.688],[10.937,45.673],[10.962,45.686],[10.972,45.702],[10.968,45.68],[10.989,45.691],[10.996,45.708],[11.012,45.716],[11.016,45.706],[11.03,45.706],[11.041,45.706],[11.056,45.718],[11.09,45.696],[11.121,45.696],[11.125,45.69],[11.139,45.697],[11.139,45.709],[11.146,45.717],[11.178,45.738],[11.18,45.773],[11.174,45.787],[11.203,45.783],[11.189,45.814],[11.219,45.833],[11.222,45.849],[11.24,45.857],[11.244,45.877],[11.237,45.881],[11.255,45.884],[11.251,45.896],[11.261,45.907],[11.258,45.921],[11.304,45.918],[11.301,45.935],[11.325,45.917],[11.349,45.91],[11.345,45.921],[11.358,45.925],[11.358,45.944],[11.38,45.943],[11.382,45.948],[11.374,45.984],[11.447,45.981],[11.492,46.009],[11.511,46.012],[11.577,46.007],[11.588,45.969],[11.621,45.971],[11.631,45.969],[11.628,45.961],[11.676,45.966],[11.686,45.969],[11.684,45.984],[11.69,45.989],[11.667,46.017],[11.682,46.028],[11.666,46.036],[11.677,46.044],[11.705,46.047],[11.686,46.067],[11.685,46.094],[11.703,46.09],[11.717,46.103],[11.751,46.105],[11.759,46.096],[11.773,46.107],[11.807,46.103],[11.892,46.12],[11.906,46.135],[11.901,46.137],[11.919,46.149],[11.929,46.176],[11.951,46.17],[11.962,46.199],[11.939,46.199],[11.924,46.217],[11.91,46.224],[11.929,46.249],[11.892,46.253],[11.885,46.261],[11.885,46.279],[11.854,46.271],[11.835,46.274],[11.826,46.285],[11.841,46.306],[11.832,46.312],[11.832,46.323],[11.803,46.334],[11.8,46.344],[11.774,46.358],[11.791,46.367],[11.813,46.368],[11.82,46.377],[11.835,46.366],[11.832,46.388],[11.844,46.41],[11.838,46.415],[11.85,46.434],[11.871,46.433],[11.888,46.442],[11.887,46.465],[11.879,46.47],[11.817,46.477],[11.81,46.485],[11.828,46.509],[11.851,46.518],[11.888,46.523],[11.912,46.533],[11.945,46.529],[11.95,46.539],[11.968,46.545],[11.988,46.545],[11.998,46.533],[12.047,46.585],[12.047,46.608],[12.066,46.627],[12.071,46.642],[12.068,46.675],[12.146,46.634],[12.171,46.634],[12.194,46.62],[12.192,46.595],[12.26,46.629],[12.286,46.618],[12.306,46.619],[12.316,46.63],[12.341,46.63],[12.359,46.62],[12.385,46.623],[12.39,46.628],[12.378,46.637],[12.38,46.643],[12.404,46.643],[12.438,46.669],[12.478,46.68],[12.52,46.677],[12.567,46.651],[12.619,46.661],[12.642,46.652],[12.686,46.656],[12.717,46.648],[12.732,46.634],[12.706,46.621],[12.708,46.602],[12.688,46.6],[12.657,46.573],[12.637,46.572],[12.62,46.544],[12.63,46.501],[12.654,46.484],[12.662,46.468],[12.621,46.475],[12.607,46.464],[12.568,46.476],[12.542,46.458],[12.53,46.464],[12.525,46.449],[12.505,46.44],[12.492,46.424],[12.499,46.412],[12.469,46.39],[12.455,46.392],[12.463,46.369],[12.429,46.352],[12.417,46.355],[12.421,46.343],[12.41,46.331],[12.375,46.329],[12.355,46.32],[12.351,46.294],[12.329,46.283],[12.323,46.273],[12.324,46.256],[12.356,46.231],[12.376,46.223],[12.402,46.229],[12.409,46.222],[12.4,46.211],[12.406,46.207],[12.446,46.208],[12.442,46.199],[12.447,46.18],[12.495,46.15],[12.497,46.13],[12.485,46.107],[12.436,46.083],[12.399,46.041],[12.415,46.027],[12.427,45.996],[12.426,45.948],[12.453,45.947],[12.467,45.932],[12.506,45.923],[12.51,45.909],[12.523,45.903],[12.508,45.897],[12.533,45.88],[12.531,45.863],[12.55,45.861],[12.557,45.843],[12.55,45.839],[12.559,45.826],[12.565,45.832],[12.594,45.815],[12.594,45.831],[12.606,45.838],[12.638,45.818],[12.647,45.82],[12.654,45.81],[12.65,45.802],[12.669,45.791],[12.73,45.837],[12.743,45.827],[12.78,45.854],[12.803,45.845],[12.8,45.827],[12.809,45.82],[12.837,45.845],[12.861,45.851],[12.876,45.846],[12.87,45.834],[12.89,45.82],[12.908,45.829],[12.915,45.825],[12.921,45.831],[12.929,45.817],[12.952,45.822],[12.952,45.844],[12.961,45.847],[12.979,45.834],[12.971,45.829],[12.974,45.823],[12.982,45.827],[12.973,45.82],[12.993,45.815],[12.988,45.809],[12.978,45.814],[12.975,45.808],[12.981,45.797],[12.992,45.798],[12.978,45.788],[13.006,45.766],[13.001,45.749],[13.015,45.742],[13.016,45.736],[13.008,45.725],[13.029,45.736],[13.039,45.717],[13.037,45.699],[13.053,45.695],[13.044,45.685],[13.066,45.673],[13.063,45.657],[13.083,45.658],[13.083,45.65],[13.102,45.641],[13.094,45.635],[12.978,45.627],[12.913,45.614],[12.887,45.597],[12.73,45.529],[12.468,45.445],[12.428,45.419],[12.402,45.429],[12.361,45.396],[12.331,45.351],[12.33,45.337],[12.343,45.334],[12.325,45.329],[12.32,45.32],[12.298,45.246],[12.301,45.237],[12.315,45.234],[12.314,45.229],[12.305,45.229],[12.3,45.219],[12.306,45.195],[12.335,45.164],[12.327,45.137],[12.337,45.098],[12.334,45.089],[12.345,45.089],[12.357,45.075],[12.45,45.011],[12.485,44.993],[12.496,44.996],[12.507,44.99],[12.506,44.997],[12.555,44.966],[12.555,44.96],[12.541,44.955],[12.51,44.927],[12.466,44.844],[12.424,44.827],[12.415,44.82],[12.422,44.811],[12.398,44.793],[12.355,44.815],[12.341,44.85],[12.294,44.86],[12.286,44.872],[12.282,44.91],[12.295,44.927],[12.282,44.941],[12.247,44.936],[12.225,44.923],[12.188,44.926],[12.171,44.942],[12.144,44.928],[12.128,44.935],[12.113,44.96],[12.092,44.97],[12.061,44.97],[12.047,44.977],[12.015,44.977],[11.963,44.987],[11.925,44.975],[11.805,44.977],[11.784,44.964],[11.746,44.957],[11.74,44.949],[11.745,44.935],[11.734,44.927],[11.671,44.915],[11.62,44.888],[11.594,44.891],[11.583,44.914],[11.532,44.937],[11.427,44.93],[11.428,44.957],[11.422,44.964],[11.336,44.99],[11.309,45.012],[11.274,45.018],[11.263,45.033],[11.27,45.045],[11.266,45.056],[11.24,45.043],[11.212,45.057],[11.175,45.06],[11.175,45.075],[11.188,45.084],[11.177,45.088],[11.178,45.097],[11.203,45.112],[11.188,45.11],[11.146,45.126],[11.138,45.123],[11.127,45.103],[11.102,45.113],[11.095,45.106],[11.098,45.095],[11.073,45.099],[11.029,45.123],[11.044,45.134],[11.042,45.144],[11.049,45.151],[11.036,45.15],[11.028,45.159],[11.01,45.149],[10.994,45.152],[10.997,45.187],[10.985,45.199],[10.947,45.206],[10.935,45.214],[10.931,45.226],[10.937,45.233],[10.902,45.237],[10.897,45.247],[10.847,45.257],[10.84,45.273],[10.783,45.315],[10.737,45.287],[10.728,45.291],[10.731,45.315],[10.706,45.316],[10.715,45.334],[10.687,45.343],[10.686,45.354],[10.715,45.368],[10.698,45.379],[10.718,45.397],[10.716,45.415],[10.665,45.428],[10.655,45.416],[10.644,45.418],[10.647,45.441],[10.627,45.438],[10.624,45.444],[10.648,45.449],[10.635,45.535]]]]}},{"type":"Feature","properties":{"name":"Friuli-Venezia Giulia"},"geometry":{"type":"MultiPolygon","coordinates":[[[[13.517,46.383],[13.517,46.377],[13.47,46.361],[13.439,46.36],[13.447,46.33],[13.418,46.318],[13.403,46.3],[13.376,46.298],[13.392,46.28],[13.406,46.243],[13.422,46.234],[13.411,46.212],[13.423,46.206],[13.446,46.213],[13.448,46.225],[13.484,46.225],[13.503,46.216],[13.53,46.217],[13.529,46.212],[13.552,46.209],[13.561,46.204],[13.567,46.186],[13.589,46.191],[13.615,46.184],[13.646,46.188],[13.663,46.18],[13.664,46.171],[13.645,46.138],[13.572,46.089],[13.547,46.083],[13.53,46.068],[13.501,46.062],[13.497,46.049],[13.51,46.046],[13.507,46.032],[13.497,46.018],[13.476,46.006],[13.5,45.982],[13.541,45.965],[13.569,45.969],[13.59,45.99],[13.62,45.984],[13.633,45.989],[13.642,45.984],[13.636,45.934],[13.609,45.899],[13.595,45.892],[13.597,45.887],[13.59,45.888],[13.591,45.873],[13.577,45.858],[13.574,45.843],[13.589,45.831],[13.596,45.808],[13.603,45.804],[13.623,45.798],[13.671,45.798],[13.736,45.76],[13.796,45.743],[13.811,45.723],[13.834,45.707],[13.833,45.69],[13.858,45.666],[13.919,45.634],[13.874,45.61],[13.849,45.585],[13.839,45.582],[13.787,45.583],[13.746,45.598],[13.723,45.595],[13.72,45.606],[13.731,45.609],[13.757,45.608],[13.783,45.599],[13.807,45.607],[13.808,45.613],[13.779,45.617],[13.774,45.624],[13.777,45.634],[13.767,45.637],[13.766,45.631],[13.757,45.628],[13.756,45.636],[13.747,45.639],[13.755,45.65],[13.76,45.647],[13.769,45.653],[13.753,45.68],[13.631,45.768],[13.581,45.782],[13.58,45.777],[13.562,45.778],[13.533,45.805],[13.545,45.793],[13.53,45.788],[13.548,45.783],[13.525,45.77],[13.517,45.744],[13.554,45.729],[13.553,45.725],[13.531,45.723],[13.487,45.705],[13.465,45.707],[13.468,45.703],[13.459,45.693],[13.433,45.679],[13.386,45.675],[13.368,45.683],[13.343,45.681],[13.291,45.704],[13.257,45.708],[13.246,45.72],[13.245,45.713],[13.186,45.711],[13.152,45.701],[13.147,45.689],[13.11,45.664],[13.101,45.643],[13.083,45.65],[13.081,45.659],[13.063,45.657],[13.066,45.673],[13.044,45.685],[13.053,45.695],[13.037,45.699],[13.039,45.717],[13.029,45.736],[13.008,45.725],[13.016,45.736],[13.015,45.742],[13.001,45.749],[13.006,45.766],[12.978,45.788],[12.992,45.798],[12.981,45.797],[12.975,45.808],[12.978,45.814],[12.988,45.809],[12.993,45.815],[12.973,45.82],[12.982,45.827],[12.974,45.823],[12.971,45.829],[12.979,45.834],[12.961,45.847],[12.952,45.844],[12.952,45.822],[12.929,45.817],[12.921,45.831],[12.915,45.825],[12.908,45.829],[12.89,45.82],[12.87,45.834],[12.876,45.846],[12.861,45.851],[12.837,45.845],[12.809,45.82],[12.8,45.827],[12.803,45.845],[12.78,45.854],[12.743,45.827],[12.73,45.837],[12.67,45.791],[12.65,45.802],[12.654,45.81],[12.647,45.82],[12.638,45.818],[12.606,45.838],[12.594,45.831],[12.594,45.815],[12.565,45.832],[12.559,45.826],[12.55,45.839],[12.557,45.843],[12.55,45.861],[12.531,45.863],[12.533,45.88],[12.508,45.897],[12.523,45.903],[12.51,45.909],[12.506,45.923],[12.467,45.932],[12.453,45.947],[12.426,45.947],[12.427,45.996],[12.415,46.027],[12.399,46.041],[12.436,46.083],[12.485,46.107],[12.497,46.13],[12.495,46.15],[12.447,46.18],[12.442,46.199],[12.446,46.208],[12.405,46.208],[12.4,46.211],[12.409,46.222],[12.402,46.229],[12.376,46.223],[12.356,46.231],[12.324,46.256],[12.321,46.265],[12.329,46.283],[12.351,46.294],[12.355,46.32],[12.375,46.329],[12.41,46.331],[12.421,46.343],[12.417,46.355],[12.429,46.352],[12.463,46.369],[12.455,46.392],[12.469,46.39],[12.499,46.412],[12.492,46.424],[12.505,46.44],[12.525,46.449],[12.53,46.464],[12.542,46.458],[12.568,46.476],[12.607,46.464],[12.621,46.475],[12.662,46.468],[12.654,46.484],[12.63,46.501],[12.619,46.54],[12.629,46.561],[12.644,46.576],[12.657,46.573],[12.688,46.6],[12.708,46.602],[12.705,46.618],[12.711,46.626],[12.762,46.648],[12.792,46.643],[12.809,46.631],[12.831,46.631],[12.837,46.627],[12.834,46.611],[12.847,46.606],[12.922,46.609],[13.045,46.596],[13.094,46.599],[13.164,46.589],[13.193,46.573],[13.215,46.57],[13.233,46.554],[13.267,46.56],[13.321,46.552],[13.346,46.569],[13.368,46.568],[13.373,46.579],[13.406,46.572],[13.408,46.562],[13.425,46.558],[13.476,46.558],[13.504,46.566],[13.518,46.547],[13.548,46.553],[13.564,46.551],[13.57,46.539],[13.597,46.546],[13.627,46.542],[13.675,46.523],[13.714,46.523],[13.716,46.508],[13.703,46.501],[13.708,46.483],[13.695,46.468],[13.697,46.454],[13.689,46.44],[13.648,46.446],[13.599,46.439],[13.58,46.428],[13.577,46.409],[13.57,46.402],[13.517,46.383]]]]}},{"type":"Feature","properties":{"name":"Emilia-Romagna"},"geometry":{"type":"MultiPolygon","coordinates":[[[[9.333,44.735],[9.288,44.757],[9.285,44.767],[9.318,44.786],[9.322,44.8],[9.346,44.808],[9.363,44.822],[9.35,44.837],[9.342,44.867],[9.322,44.88],[9.309,44.876],[9.29,44.882],[9.293,44.89],[9.277,44.896],[9.293,44.92],[9.285,44.932],[9.315,44.937],[9.322,44.944],[9.325,44.956],[9.338,44.965],[9.335,44.975],[9.344,44.993],[9.366,45.003],[9.376,45.02],[9.369,45.024],[9.376,45.04],[9.371,45.048],[9.406,45.073],[9.411,45.083],[9.436,45.082],[9.439,45.093],[9.499,45.104],[9.533,45.079],[9.551,45.091],[9.536,45.122],[9.549,45.133],[9.569,45.107],[9.586,45.105],[9.587,45.1],[9.612,45.111],[9.619,45.134],[9.629,45.132],[9.641,45.117],[9.631,45.09],[9.635,45.084],[9.677,45.078],[9.715,45.058],[9.75,45.078],[9.753,45.087],[9.745,45.111],[9.758,45.113],[9.779,45.09],[9.813,45.078],[9.817,45.054],[9.824,45.053],[9.834,45.062],[9.831,45.084],[9.838,45.096],[9.862,45.094],[9.881,45.075],[9.897,45.081],[9.901,45.095],[9.878,45.114],[9.875,45.122],[9.881,45.127],[9.914,45.139],[9.923,45.136],[9.927,45.126],[9.913,45.105],[9.918,45.1],[9.936,45.104],[9.971,45.132],[9.985,45.133],[10.029,45.096],[10.022,45.076],[10.047,45.059],[10.053,45.051],[10.05,45.041],[10.082,45.047],[10.084,45.033],[10.093,45.024],[10.106,45.022],[10.161,45.044],[10.187,45.028],[10.211,45.034],[10.256,45.018],[10.274,44.999],[10.305,44.999],[10.309,44.987],[10.355,44.966],[10.365,44.966],[10.392,44.983],[10.408,44.984],[10.438,44.942],[10.464,44.937],[10.52,44.913],[10.567,44.908],[10.628,44.924],[10.687,44.987],[10.696,44.974],[10.688,44.966],[10.695,44.962],[10.711,44.973],[10.712,44.985],[10.727,44.992],[10.741,44.981],[10.748,44.963],[10.745,44.949],[10.819,44.937],[10.848,44.926],[10.865,44.93],[10.877,44.917],[10.898,44.922],[10.89,44.912],[10.917,44.924],[10.941,44.922],[10.951,44.928],[10.951,44.933],[10.967,44.935],[10.997,44.955],[11.06,44.949],[11.076,44.962],[11.118,44.954],[11.152,44.933],[11.246,44.951],[11.272,44.938],[11.285,44.957],[11.323,44.961],[11.357,44.95],[11.377,44.958],[11.406,44.949],[11.426,44.952],[11.424,44.937],[11.429,44.929],[11.47,44.936],[11.532,44.937],[11.583,44.914],[11.594,44.891],[11.617,44.888],[11.671,44.915],[11.734,44.927],[11.745,44.935],[11.74,44.949],[11.746,44.957],[11.784,44.964],[11.806,44.977],[11.925,44.975],[11.963,44.987],[12.015,44.977],[12.047,44.977],[12.061,44.97],[12.092,44.97],[12.113,44.96],[12.128,44.935],[12.144,44.928],[12.171,44.942],[12.188,44.926],[12.225,44.923],[12.276,44.943],[12.295,44.927],[12.282,44.91],[12.286,44.872],[12.294,44.86],[12.341,44.85],[12.355,44.815],[12.398,44.793],[12.375,44.784],[12.322,44.789],[12.342,44.789],[12.326,44.796],[12.375,44.786],[12.385,44.79],[12.373,44.792],[12.35,44.817],[12.317,44.841],[12.286,44.84],[12.258,44.815],[12.271,44.812],[12.266,44.804],[12.285,44.818],[12.252,44.769],[12.241,44.712],[12.242,44.686],[12.252,44.676],[12.251,44.66],[12.281,44.596],[12.28,44.517],[12.294,44.489],[12.286,44.486],[12.289,44.464],[12.315,44.407],[12.357,44.271],[12.393,44.212],[12.516,44.105],[12.556,44.079],[12.575,44.079],[12.632,44.025],[12.688,43.987],[12.717,43.973],[12.751,43.969],[12.754,43.96],[12.729,43.922],[12.735,43.896],[12.723,43.88],[12.734,43.87],[12.722,43.861],[12.682,43.853],[12.681,43.828],[12.675,43.825],[12.644,43.827],[12.624,43.821],[12.61,43.834],[12.619,43.843],[12.605,43.846],[12.603,43.862],[12.589,43.865],[12.589,43.886],[12.572,43.885],[12.56,43.869],[12.543,43.865],[12.519,43.875],[12.518,43.881],[12.502,43.875],[12.494,43.88],[12.487,43.886],[12.492,43.918],[12.516,43.942],[12.507,43.959],[12.516,43.985],[12.507,43.991],[12.439,43.959],[12.414,43.952],[12.405,43.956],[12.405,43.944],[12.415,43.931],[12.408,43.922],[12.413,43.909],[12.408,43.903],[12.418,43.899],[12.44,43.906],[12.463,43.89],[12.446,43.871],[12.401,43.873],[12.391,43.847],[12.399,43.826],[12.388,43.817],[12.368,43.813],[12.35,43.8],[12.316,43.806],[12.286,43.795],[12.284,43.765],[12.258,43.76],[12.248,43.751],[12.229,43.76],[12.209,43.755],[12.198,43.745],[12.195,43.732],[12.165,43.761],[12.125,43.749],[12.107,43.754],[12.077,43.741],[12.065,43.743],[12.061,43.753],[12.053,43.757],[12.01,43.765],[11.987,43.762],[11.953,43.777],[11.948,43.791],[11.917,43.796],[11.91,43.813],[11.887,43.809],[11.856,43.816],[11.842,43.808],[11.821,43.816],[11.784,43.848],[11.732,43.863],[11.71,43.877],[11.717,43.922],[11.684,43.935],[11.691,43.956],[11.654,43.975],[11.646,43.991],[11.65,44.003],[11.664,44.006],[11.658,44.018],[11.682,44.021],[11.701,44.056],[11.733,44.085],[11.75,44.11],[11.749,44.124],[11.682,44.123],[11.653,44.101],[11.614,44.119],[11.585,44.112],[11.588,44.124],[11.6,44.125],[11.604,44.137],[11.617,44.143],[11.615,44.158],[11.564,44.167],[11.552,44.165],[11.545,44.153],[11.516,44.158],[11.486,44.176],[11.49,44.18],[11.484,44.184],[11.455,44.194],[11.448,44.2],[11.455,44.212],[11.451,44.221],[11.421,44.239],[11.381,44.2],[11.341,44.204],[11.327,44.196],[11.323,44.182],[11.31,44.173],[11.296,44.172],[11.298,44.168],[11.281,44.156],[11.239,44.159],[11.214,44.15],[11.196,44.151],[11.196,44.143],[11.215,44.132],[11.26,44.116],[11.264,44.104],[11.245,44.097],[11.155,44.112],[11.128,44.11],[11.089,44.09],[11.049,44.09],[11.024,44.097],[11.002,44.112],[11.015,44.125],[11.014,44.137],[11.006,44.139],[10.971,44.116],[10.945,44.082],[10.91,44.063],[10.9,44.065],[10.905,44.08],[10.892,44.092],[10.876,44.1],[10.849,44.098],[10.834,44.114],[10.819,44.112],[10.773,44.135],[10.754,44.154],[10.662,44.154],[10.644,44.16],[10.623,44.141],[10.624,44.12],[10.593,44.115],[10.569,44.137],[10.525,44.157],[10.52,44.167],[10.523,44.175],[10.489,44.198],[10.492,44.218],[10.485,44.223],[10.466,44.23],[10.431,44.227],[10.414,44.236],[10.407,44.249],[10.377,44.267],[10.337,44.272],[10.307,44.284],[10.254,44.269],[10.237,44.282],[10.226,44.3],[10.207,44.305],[10.169,44.329],[10.16,44.345],[10.145,44.353],[10.098,44.346],[10.056,44.372],[10.008,44.39],[9.989,44.404],[10.005,44.428],[10.004,44.437],[9.996,44.447],[9.981,44.445],[9.973,44.451],[9.97,44.465],[9.9,44.473],[9.82,44.466],[9.817,44.452],[9.798,44.443],[9.756,44.405],[9.753,44.398],[9.76,44.39],[9.745,44.389],[9.741,44.381],[9.717,44.383],[9.675,44.365],[9.655,44.412],[9.635,44.415],[9.601,44.437],[9.585,44.428],[9.555,44.438],[9.547,44.427],[9.493,44.423],[9.479,44.409],[9.472,44.422],[9.438,44.419],[9.44,44.43],[9.452,44.44],[9.471,44.472],[9.469,44.482],[9.497,44.483],[9.495,44.5],[9.505,44.53],[9.488,44.546],[9.491,44.559],[9.47,44.566],[9.453,44.562],[9.45,44.572],[9.441,44.567],[9.423,44.575],[9.421,44.593],[9.406,44.601],[9.403,44.591],[9.389,44.59],[9.381,44.577],[9.364,44.585],[9.336,44.582],[9.3,44.608],[9.288,44.608],[9.28,44.596],[9.246,44.599],[9.257,44.611],[9.246,44.62],[9.2,44.615],[9.198,44.65],[9.206,44.66],[9.2,44.686],[9.242,44.687],[9.232,44.703],[9.235,44.716],[9.259,44.68],[9.279,44.686],[9.299,44.681],[9.306,44.688],[9.325,44.69],[9.308,44.706],[9.333,44.735]],[[12.177,43.811],[12.17,43.805],[12.188,43.774],[12.199,43.77],[12.212,43.782],[12.24,43.787],[12.23,43.809],[12.217,43.803],[12.177,43.811]]]]}},{"type":"Feature","properties":{"name":"Marche"},"geometry":{"type":"MultiPolygon","coordinates":[[[[12.501,43.52],[12.481,43.528],[12.474,43.519],[12.459,43.516],[12.438,43.538],[12.417,43.534],[12.395,43.509],[12.386,43.511],[12.386,43.52],[12.37,43.532],[12.35,43.522],[12.333,43.524],[12.313,43.545],[12.32,43.553],[12.341,43.553],[12.367,43.577],[12.371,43.586],[12.362,43.6],[12.371,43.611],[12.355,43.617],[12.351,43.608],[12.334,43.61],[12.311,43.599],[12.299,43.586],[12.288,43.595],[12.259,43.589],[12.225,43.594],[12.21,43.621],[12.19,43.633],[12.186,43.642],[12.227,43.653],[12.248,43.667],[12.251,43.673],[12.245,43.681],[12.274,43.677],[12.293,43.685],[12.306,43.698],[12.301,43.72],[12.308,43.73],[12.32,43.688],[12.316,43.678],[12.331,43.674],[12.336,43.678],[12.33,43.708],[12.346,43.709],[12.357,43.702],[12.371,43.709],[12.327,43.751],[12.284,43.765],[12.289,43.786],[12.285,43.793],[12.316,43.806],[12.35,43.8],[12.368,43.813],[12.388,43.817],[12.399,43.826],[12.391,43.847],[12.401,43.873],[12.446,43.871],[12.47,43.897],[12.487,43.896],[12.494,43.88],[12.502,43.875],[12.518,43.881],[12.519,43.875],[12.541,43.865],[12.56,43.869],[12.572,43.885],[12.589,43.886],[12.589,43.865],[12.603,43.862],[12.605,43.846],[12.619,43.843],[12.61,43.834],[12.624,43.821],[12.644,43.827],[12.675,43.825],[12.681,43.828],[12.682,43.853],[12.722,43.861],[12.734,43.87],[12.723,43.88],[12.735,43.896],[12.729,43.922],[12.754,43.96],[12.752,43.97],[12.798,43.965],[12.892,43.924],[12.907,43.923],[12.984,43.867],[13.021,43.852],[13.12,43.783],[13.286,43.679],[13.454,43.611],[13.484,43.608],[13.495,43.623],[13.504,43.616],[13.509,43.622],[13.5,43.631],[13.507,43.631],[13.552,43.603],[13.576,43.569],[13.626,43.55],[13.624,43.502],[13.67,43.426],[13.71,43.337],[13.736,43.308],[13.779,43.235],[13.805,43.171],[13.81,43.164],[13.814,43.169],[13.817,43.147],[13.844,43.101],[13.881,42.964],[13.916,42.895],[13.822,42.88],[13.778,42.86],[13.707,42.849],[13.711,42.843],[13.699,42.823],[13.664,42.807],[13.636,42.803],[13.624,42.817],[13.575,42.801],[13.535,42.817],[13.53,42.796],[13.504,42.775],[13.504,42.75],[13.493,42.737],[13.448,42.732],[13.438,42.718],[13.438,42.699],[13.427,42.706],[13.393,42.687],[13.342,42.701],[13.318,42.723],[13.284,42.74],[13.265,42.74],[13.254,42.721],[13.188,42.734],[13.199,42.749],[13.195,42.762],[13.222,42.773],[13.241,42.763],[13.264,42.808],[13.236,42.867],[13.232,42.856],[13.211,42.841],[13.163,42.832],[13.154,42.835],[13.112,42.889],[13.081,42.9],[13.052,42.92],[13.025,42.903],[13.001,42.909],[13.0,42.891],[12.99,42.872],[12.976,42.87],[12.969,42.904],[12.977,42.926],[12.949,42.93],[12.948,42.941],[12.896,42.965],[12.908,42.985],[12.888,43.01],[12.907,43.035],[12.893,43.046],[12.89,43.059],[12.897,43.093],[12.885,43.1],[12.881,43.121],[12.843,43.122],[12.833,43.139],[12.834,43.148],[12.852,43.154],[12.863,43.167],[12.868,43.189],[12.864,43.209],[12.837,43.218],[12.826,43.248],[12.829,43.261],[12.789,43.283],[12.8,43.291],[12.802,43.305],[12.794,43.334],[12.759,43.364],[12.747,43.39],[12.772,43.401],[12.781,43.415],[12.766,43.427],[12.767,43.446],[12.776,43.451],[12.772,43.457],[12.735,43.464],[12.715,43.446],[12.709,43.426],[12.663,43.437],[12.636,43.43],[12.619,43.417],[12.623,43.423],[12.617,43.429],[12.565,43.46],[12.501,43.52]]]]}},{"type":"Feature","properties":{"name":"Toscana"},"geometry":{"type":"MultiPolygon","coordinates":[[[[9.898,44.164],[9.892,44.168],[9.922,44.195],[9.934,44.197],[9.915,44.2],[9.909,44.21],[9.891,44.208],[9.873,44.195],[9.865,44.181],[9.858,44.194],[9.875,44.224],[9.857,44.234],[9.86,44.252],[9.853,44.27],[9.815,44.286],[9.806,44.283],[9.769,44.302],[9.753,44.323],[9.729,44.328],[9.711,44.364],[9.687,44.366],[9.717,44.383],[9.741,44.381],[9.745,44.389],[9.76,44.39],[9.753,44.398],[9.756,44.405],[9.798,44.443],[9.817,44.452],[9.82,44.466],[9.855,44.471],[9.933,44.471],[9.971,44.464],[9.973,44.451],[9.981,44.445],[9.996,44.447],[10.005,44.437],[10.005,44.428],[9.989,44.404],[10.002,44.394],[10.056,44.372],[10.098,44.346],[10.145,44.353],[10.16,44.345],[10.169,44.329],[10.207,44.305],[10.226,44.3],[10.237,44.282],[10.254,44.269],[10.307,44.284],[10.337,44.272],[10.377,44.267],[10.407,44.249],[10.414,44.236],[10.431,44.227],[10.466,44.23],[10.485,44.223],[10.492,44.218],[10.489,44.198],[10.523,44.175],[10.52,44.167],[10.525,44.157],[10.569,44.137],[10.592,44.116],[10.624,44.12],[10.623,44.141],[10.641,44.16],[10.662,44.154],[10.752,44.155],[10.773,44.135],[10.798,44.126],[10.804,44.119],[10.819,44.112],[10.829,44.117],[10.843,44.11],[10.849,44.098],[10.876,44.1],[10.902,44.086],[10.905,44.08],[10.899,44.066],[10.905,44.063],[10.918,44.063],[10.927,44.075],[10.944,44.081],[10.971,44.116],[11.006,44.139],[11.014,44.137],[11.015,44.125],[11.002,44.112],[11.024,44.097],[11.049,44.09],[11.089,44.09],[11.128,44.11],[11.155,44.112],[11.208,44.099],[11.247,44.098],[11.264,44.104],[11.26,44.116],[11.215,44.132],[11.196,44.143],[11.196,44.151],[11.214,44.15],[11.239,44.159],[11.281,44.156],[11.298,44.168],[11.296,44.172],[11.31,44.173],[11.323,44.182],[11.327,44.196],[11.341,44.204],[11.381,44.2],[11.421,44.239],[11.451,44.221],[11.455,44.212],[11.448,44.2],[11.455,44.194],[11.484,44.184],[11.49,44.18],[11.486,44.176],[11.516,44.158],[11.545,44.153],[11.552,44.165],[11.564,44.167],[11.615,44.158],[11.617,44.143],[11.604,44.137],[11.6,44.125],[11.588,44.124],[11.585,44.112],[11.614,44.119],[11.653,44.101],[11.682,44.123],[11.745,44.126],[11.753,44.121],[11.733,44.085],[11.701,44.056],[11.682,44.021],[11.658,44.018],[11.664,44.006],[11.65,44.003],[11.646,43.991],[11.654,43.975],[11.691,43.956],[11.684,43.935],[11.717,43.922],[11.71,43.877],[11.732,43.863],[11.784,43.848],[11.821,43.816],[11.842,43.808],[11.856,43.816],[11.887,43.809],[11.91,43.813],[11.913,43.799],[11.948,43.79],[11.953,43.776],[11.987,43.762],[12.01,43.765],[12.053,43.757],[12.07,43.741],[12.107,43.754],[12.14,43.752],[12.16,43.762],[12.195,43.732],[12.198,43.745],[12.209,43.755],[12.229,43.76],[12.248,43.751],[12.258,43.76],[12.284,43.765],[12.327,43.751],[12.371,43.709],[12.357,43.702],[12.346,43.709],[12.33,43.708],[12.336,43.678],[12.331,43.674],[12.316,43.678],[12.32,43.688],[12.308,43.73],[12.301,43.72],[12.306,43.698],[12.293,43.685],[12.274,43.677],[12.245,43.681],[12.249,43.669],[12.233,43.656],[12.186,43.642],[12.214,43.611],[12.2,43.603],[12.163,43.561],[12.153,43.529],[12.143,43.534],[12.103,43.53],[12.091,43.511],[12.095,43.499],[12.145,43.48],[12.143,43.47],[12.105,43.461],[12.081,43.434],[12.057,43.438],[12.025,43.416],[12.034,43.4],[12.077,43.402],[12.073,43.381],[12.077,43.366],[12.103,43.372],[12.125,43.358],[12.135,43.341],[12.134,43.316],[12.127,43.308],[12.133,43.293],[12.177,43.282],[12.195,43.314],[12.224,43.296],[12.209,43.282],[12.175,43.273],[12.148,43.255],[12.121,43.255],[12.092,43.236],[12.043,43.251],[12.034,43.246],[12.039,43.229],[12.023,43.187],[11.988,43.181],[11.925,43.149],[11.92,43.132],[11.913,43.128],[11.931,43.092],[11.924,43.075],[11.94,43.053],[11.957,43.069],[11.973,43.064],[11.982,43.051],[11.95,42.977],[11.952,42.95],[11.939,42.933],[11.933,42.908],[11.952,42.901],[11.959,42.892],[11.959,42.871],[11.929,42.869],[11.915,42.852],[11.892,42.843],[11.895,42.834],[11.847,42.838],[11.815,42.823],[11.807,42.795],[11.774,42.821],[11.753,42.802],[11.746,42.786],[11.765,42.779],[11.779,42.758],[11.809,42.753],[11.819,42.745],[11.802,42.707],[11.78,42.705],[11.785,42.672],[11.8,42.668],[11.809,42.653],[11.805,42.644],[11.781,42.635],[11.75,42.64],[11.752,42.626],[11.736,42.607],[11.71,42.61],[11.68,42.595],[11.686,42.585],[11.682,42.582],[11.658,42.577],[11.644,42.567],[11.625,42.569],[11.614,42.557],[11.604,42.568],[11.579,42.567],[11.586,42.542],[11.57,42.534],[11.561,42.517],[11.584,42.507],[11.593,42.495],[11.616,42.488],[11.618,42.436],[11.544,42.442],[11.518,42.434],[11.489,42.439],[11.481,42.434],[11.477,42.414],[11.451,42.395],[11.45,42.378],[11.362,42.399],[11.283,42.407],[11.273,42.419],[11.242,42.418],[11.21,42.409],[11.206,42.401],[11.212,42.402],[11.207,42.395],[11.213,42.388],[11.192,42.379],[11.19,42.365],[11.166,42.368],[11.153,42.361],[11.151,42.371],[11.127,42.386],[11.098,42.393],[11.089,42.427],[11.105,42.448],[11.123,42.435],[11.132,42.439],[11.16,42.434],[11.173,42.444],[11.187,42.471],[11.192,42.501],[11.179,42.538],[11.157,42.563],[11.139,42.561],[11.134,42.551],[11.123,42.558],[11.099,42.605],[11.082,42.614],[11.088,42.618],[11.085,42.627],[11.014,42.657],[10.98,42.716],[10.952,42.737],[10.867,42.765],[10.785,42.775],[10.731,42.802],[10.735,42.809],[10.758,42.809],[10.773,42.831],[10.771,42.867],[10.787,42.888],[10.774,42.909],[10.712,42.94],[10.646,42.953],[10.561,42.951],[10.554,42.948],[10.563,42.944],[10.559,42.937],[10.555,42.942],[10.543,42.935],[10.551,42.93],[10.543,42.921],[10.525,42.92],[10.51,42.933],[10.498,42.932],[10.485,42.966],[10.483,42.988],[10.494,42.995],[10.507,42.991],[10.516,42.999],[10.511,43.011],[10.522,43.021],[10.537,43.084],[10.539,43.166],[10.526,43.24],[10.502,43.29],[10.457,43.325],[10.455,43.345],[10.444,43.354],[10.425,43.399],[10.405,43.405],[10.4,43.422],[10.379,43.449],[10.33,43.474],[10.331,43.484],[10.318,43.51],[10.293,43.547],[10.304,43.549],[10.296,43.554],[10.32,43.584],[10.311,43.571],[10.304,43.576],[10.305,43.567],[10.294,43.561],[10.299,43.581],[10.285,43.643],[10.27,43.677],[10.283,43.686],[10.278,43.738],[10.258,43.816],[10.238,43.856],[10.243,43.861],[10.239,43.872],[10.19,43.933],[10.144,43.975],[10.069,44.025],[10.019,44.044],[10.029,44.06],[10.066,44.087],[10.07,44.092],[10.066,44.101],[10.047,44.115],[10.019,44.119],[10.003,44.109],[9.993,44.093],[9.987,44.097],[9.995,44.116],[9.983,44.126],[9.973,44.167],[9.922,44.17],[9.898,44.164]]],[[[10.08,42.619],[10.09,42.615],[10.087,42.601],[10.098,42.589],[10.1,42.575],[10.088,42.568],[10.05,42.575],[10.046,42.586],[10.071,42.589],[10.081,42.601],[10.08,42.619]]],[[[10.265,42.745],[10.238,42.748],[10.237,42.726],[10.2,42.736],[10.152,42.73],[10.134,42.735],[10.122,42.742],[10.104,42.768],[10.105,42.789],[10.125,42.803],[10.185,42.811],[10.206,42.807],[10.222,42.793],[10.242,42.787],[10.249,42.791],[10.248,42.799],[10.265,42.8],[10.275,42.818],[10.264,42.83],[10.294,42.819],[10.329,42.818],[10.33,42.812],[10.314,42.807],[10.346,42.797],[10.361,42.803],[10.362,42.818],[10.38,42.828],[10.391,42.851],[10.411,42.873],[10.421,42.867],[10.422,42.859],[10.442,42.848],[10.429,42.816],[10.434,42.775],[10.386,42.759],[10.41,42.754],[10.407,42.747],[10.431,42.736],[10.432,42.713],[10.42,42.708],[10.411,42.716],[10.382,42.715],[10.357,42.752],[10.358,42.758],[10.345,42.764],[10.318,42.76],[10.326,42.745],[10.32,42.736],[10.309,42.759],[10.291,42.753],[10.287,42.736],[10.27,42.738],[10.265,42.745]]],[[[9.826,43.073],[9.837,43.062],[9.837,43.051],[9.847,43.046],[9.839,43.027],[9.812,43.003],[9.793,43.021],[9.801,43.053],[9.826,43.073]]],[[[10.313,42.351],[10.326,42.344],[10.33,42.322],[10.317,42.315],[10.294,42.317],[10.289,42.326],[10.294,42.345],[10.313,42.351]]],[[[12.224,43.81],[12.237,43.801],[12.24,43.787],[12.212,43.782],[12.199,43.77],[12.185,43.777],[12.17,43.805],[12.177,43.812],[12.189,43.805],[12.218,43.803],[12.224,43.81]]],[[[10.887,42.389],[10.907,42.38],[10.922,42.36],[10.923,42.344],[10.932,42.339],[10.929,42.326],[10.921,42.318],[10.905,42.326],[10.883,42.351],[10.867,42.354],[10.868,42.368],[10.882,42.368],[10.88,42.389],[10.887,42.389]]]]}},{"type":"Feature","properties":{"name":"Umbria"},"geometry":{"type":"MultiPolygon","coordinates":[[[[13.158,42.654],[13.147,42.647],[13.131,42.658],[13.118,42.658],[13.109,42.642],[13.063,42.623],[13.038,42.627],[13.024,42.639],[13.014,42.63],[13.014,42.62],[13.004,42.615],[12.953,42.619],[12.937,42.615],[12.93,42.603],[12.896,42.616],[12.881,42.609],[12.894,42.578],[12.893,42.563],[12.858,42.556],[12.818,42.533],[12.773,42.531],[12.774,42.513],[12.728,42.509],[12.711,42.501],[12.72,42.485],[12.742,42.471],[12.725,42.46],[12.703,42.461],[12.673,42.442],[12.65,42.443],[12.641,42.468],[12.621,42.468],[12.614,42.464],[12.62,42.452],[12.611,42.428],[12.615,42.414],[12.606,42.404],[12.546,42.379],[12.526,42.364],[12.514,42.378],[12.518,42.397],[12.511,42.404],[12.491,42.398],[12.48,42.404],[12.466,42.395],[12.451,42.397],[12.445,42.399],[12.459,42.407],[12.467,42.42],[12.464,42.429],[12.422,42.422],[12.414,42.426],[12.419,42.436],[12.414,42.455],[12.43,42.458],[12.428,42.465],[12.412,42.468],[12.414,42.479],[12.428,42.487],[12.421,42.493],[12.39,42.498],[12.385,42.489],[12.351,42.474],[12.326,42.495],[12.3,42.488],[12.289,42.495],[12.303,42.491],[12.307,42.497],[12.29,42.509],[12.275,42.509],[12.283,42.523],[12.274,42.524],[12.266,42.536],[12.279,42.542],[12.275,42.56],[12.239,42.572],[12.236,42.583],[12.248,42.597],[12.229,42.611],[12.243,42.628],[12.226,42.636],[12.227,42.643],[12.204,42.66],[12.161,42.677],[12.146,42.659],[12.132,42.662],[12.124,42.649],[12.107,42.665],[12.095,42.655],[12.074,42.657],[12.03,42.643],[12.03,42.65],[12.007,42.662],[11.941,42.683],[11.949,42.696],[11.926,42.705],[11.945,42.725],[11.961,42.728],[11.978,42.751],[11.979,42.765],[11.927,42.781],[11.906,42.83],[11.892,42.843],[11.915,42.852],[11.931,42.87],[11.959,42.871],[11.959,42.892],[11.952,42.901],[11.933,42.908],[11.939,42.933],[11.952,42.95],[11.95,42.977],[11.982,43.051],[11.974,43.063],[11.957,43.069],[11.948,43.055],[11.936,43.056],[11.924,43.075],[11.931,43.093],[11.913,43.128],[11.92,43.132],[11.925,43.149],[11.94,43.159],[11.988,43.181],[12.023,43.187],[12.039,43.229],[12.034,43.246],[12.05,43.253],[12.092,43.236],[12.121,43.255],[12.148,43.255],[12.175,43.273],[12.209,43.282],[12.224,43.296],[12.195,43.314],[12.177,43.282],[12.133,43.293],[12.127,43.308],[12.134,43.316],[12.135,43.341],[12.124,43.359],[12.103,43.372],[12.089,43.366],[12.074,43.369],[12.077,43.402],[12.052,43.398],[12.031,43.404],[12.025,43.416],[12.032,43.424],[12.058,43.438],[12.081,43.434],[12.105,43.461],[12.143,43.47],[12.141,43.482],[12.092,43.501],[12.095,43.522],[12.103,43.53],[12.143,43.534],[12.153,43.529],[12.163,43.561],[12.2,43.603],[12.214,43.611],[12.227,43.594],[12.261,43.589],[12.288,43.595],[12.298,43.586],[12.334,43.61],[12.351,43.608],[12.356,43.617],[12.371,43.611],[12.362,43.6],[12.371,43.586],[12.367,43.577],[12.341,43.553],[12.32,43.553],[12.313,43.544],[12.333,43.524],[12.35,43.522],[12.37,43.532],[12.386,43.52],[12.386,43.511],[12.395,43.509],[12.417,43.534],[12.432,43.537],[12.438,43.538],[12.459,43.516],[12.484,43.527],[12.515,43.51],[12.576,43.451],[12.617,43.429],[12.623,43.423],[12.619,43.417],[12.636,43.43],[12.663,43.437],[12.709,43.426],[12.715,43.446],[12.735,43.464],[12.772,43.457],[12.776,43.451],[12.767,43.446],[12.766,43.427],[12.781,43.415],[12.772,43.401],[12.747,43.39],[12.759,43.364],[12.794,43.334],[12.802,43.305],[12.8,43.291],[12.789,43.283],[12.829,43.261],[12.826,43.248],[12.837,43.218],[12.864,43.209],[12.868,43.189],[12.863,43.167],[12.852,43.154],[12.834,43.148],[12.833,43.139],[12.843,43.122],[12.881,43.121],[12.885,43.1],[12.897,43.093],[12.89,43.059],[12.893,43.046],[12.907,43.035],[12.888,43.01],[12.908,42.985],[12.896,42.965],[12.948,42.941],[12.949,42.93],[12.977,42.926],[12.969,42.904],[12.976,42.87],[12.99,42.872],[13.0,42.891],[13.001,42.909],[13.025,42.903],[13.055,42.919],[13.081,42.9],[13.112,42.889],[13.154,42.835],[13.188,42.835],[13.211,42.841],[13.232,42.856],[13.235,42.868],[13.248,42.849],[13.264,42.809],[13.246,42.768],[13.239,42.761],[13.237,42.769],[13.221,42.773],[13.195,42.761],[13.2,42.751],[13.188,42.736],[13.191,42.71],[13.173,42.687],[13.179,42.683],[13.174,42.666],[13.158,42.654]]]]}},{"type":"Feature","properties":{"name":"Lazio"},"geometry":{"type":"MultiPolygon","coordinates":[[[[11.811,42.807],[11.814,42.823],[11.847,42.838],[11.904,42.832],[11.927,42.781],[11.979,42.765],[11.969,42.738],[11.961,42.728],[11.945,42.725],[11.926,42.704],[11.949,42.696],[11.941,42.683],[12.007,42.662],[12.03,42.65],[12.03,42.643],[12.074,42.657],[12.095,42.655],[12.107,42.665],[12.124,42.649],[12.132,42.662],[12.146,42.659],[12.161,42.677],[12.204,42.66],[12.227,42.643],[12.226,42.636],[12.243,42.628],[12.229,42.611],[12.248,42.597],[12.236,42.583],[12.239,42.572],[12.275,42.56],[12.279,42.542],[12.266,42.536],[12.274,42.524],[12.283,42.523],[12.275,42.509],[12.29,42.509],[12.307,42.497],[12.303,42.491],[12.289,42.495],[12.3,42.488],[12.326,42.495],[12.351,42.474],[12.385,42.489],[12.39,42.498],[12.421,42.493],[12.428,42.487],[12.414,42.479],[12.412,42.468],[12.428,42.465],[12.43,42.458],[12.414,42.455],[12.419,42.436],[12.414,42.426],[12.422,42.422],[12.464,42.429],[12.467,42.42],[12.459,42.407],[12.445,42.399],[12.451,42.397],[12.466,42.395],[12.48,42.404],[12.491,42.398],[12.511,42.404],[12.518,42.397],[12.514,42.378],[12.526,42.364],[12.546,42.379],[12.606,42.404],[12.615,42.414],[12.611,42.428],[12.62,42.452],[12.614,42.464],[12.621,42.468],[12.641,42.468],[12.65,42.443],[12.673,42.442],[12.703,42.461],[12.725,42.46],[12.742,42.471],[12.72,42.485],[12.711,42.501],[12.728,42.509],[12.774,42.513],[12.773,42.531],[12.818,42.533],[12.858,42.556],[12.893,42.563],[12.894,42.578],[12.88,42.602],[12.881,42.609],[12.89,42.614],[12.896,42.616],[12.93,42.603],[12.937,42.615],[12.953,42.619],[13.011,42.617],[13.024,42.639],[13.038,42.627],[13.059,42.623],[13.109,42.642],[13.118,42.658],[13.131,42.658],[13.147,42.647],[13.174,42.666],[13.179,42.683],[13.173,42.687],[13.191,42.71],[13.189,42.734],[13.254,42.721],[13.265,42.74],[13.279,42.741],[13.318,42.723],[13.358,42.694],[13.349,42.669],[13.373,42.649],[13.408,42.643],[13.405,42.628],[13.395,42.622],[13.39,42.608],[13.394,42.591],[13.382,42.581],[13.322,42.579],[13.293,42.57],[13.279,42.583],[13.253,42.581],[13.246,42.573],[13.191,42.588],[13.192,42.578],[13.174,42.568],[13.174,42.545],[13.156,42.54],[13.167,42.516],[13.178,42.513],[13.171,42.485],[13.178,42.479],[13.154,42.462],[13.14,42.463],[13.116,42.444],[13.155,42.414],[13.189,42.4],[13.194,42.389],[13.153,42.357],[13.191,42.332],[13.226,42.319],[13.229,42.287],[13.243,42.269],[13.27,42.255],[13.283,42.237],[13.336,42.222],[13.339,42.215],[13.332,42.208],[13.341,42.198],[13.38,42.18],[13.342,42.177],[13.354,42.167],[13.327,42.164],[13.323,42.161],[13.328,42.155],[13.317,42.154],[13.305,42.138],[13.27,42.138],[13.249,42.127],[13.237,42.129],[13.195,42.158],[13.183,42.159],[13.17,42.151],[13.12,42.177],[13.087,42.178],[13.093,42.161],[13.086,42.144],[13.057,42.123],[13.039,42.117],[13.031,42.122],[13.032,42.106],[13.019,42.074],[13.027,42.05],[13.046,42.035],[13.055,42.016],[13.101,42.008],[13.097,42.022],[13.105,42.026],[13.199,41.986],[13.227,41.984],[13.242,41.972],[13.265,41.967],[13.287,41.95],[13.308,41.953],[13.345,41.922],[13.364,41.925],[13.383,41.901],[13.359,41.869],[13.367,41.863],[13.367,41.833],[13.38,41.817],[13.391,41.819],[13.396,41.834],[13.417,41.835],[13.454,41.822],[13.47,41.807],[13.505,41.802],[13.522,41.78],[13.52,41.773],[13.572,41.754],[13.586,41.766],[13.631,41.783],[13.643,41.792],[13.638,41.804],[13.649,41.811],[13.674,41.807],[13.706,41.787],[13.717,41.798],[13.73,41.799],[13.731,41.787],[13.749,41.773],[13.749,41.761],[13.767,41.749],[13.79,41.743],[13.813,41.754],[13.828,41.739],[13.879,41.729],[13.892,41.735],[13.904,41.718],[13.919,41.718],[13.933,41.693],[13.988,41.655],[13.997,41.624],[14.011,41.608],[14.01,41.593],[13.999,41.574],[14.026,41.555],[14.021,41.542],[14.005,41.539],[14.028,41.524],[13.995,41.513],[13.973,41.494],[13.993,41.482],[13.978,41.462],[13.961,41.464],[13.911,41.429],[13.877,41.426],[13.861,41.417],[13.869,41.405],[13.885,41.4],[13.876,41.396],[13.884,41.383],[13.871,41.365],[13.878,41.341],[13.874,41.336],[13.895,41.312],[13.89,41.297],[13.882,41.291],[13.851,41.29],[13.828,41.281],[13.831,41.266],[13.84,41.262],[13.834,41.255],[13.815,41.245],[13.772,41.242],[13.762,41.223],[13.706,41.254],[13.684,41.244],[13.651,41.257],[13.618,41.26],[13.574,41.24],[13.571,41.218],[13.589,41.21],[13.575,41.204],[13.546,41.209],[13.518,41.225],[13.503,41.221],[13.485,41.238],[13.464,41.24],[13.379,41.28],[13.29,41.297],[13.266,41.294],[13.258,41.283],[13.216,41.284],[13.173,41.276],[13.116,41.248],[13.094,41.225],[13.057,41.224],[13.044,41.228],[13.034,41.241],[13.036,41.247],[13.02,41.282],[12.976,41.34],[12.901,41.392],[12.84,41.414],[12.782,41.418],[12.764,41.41],[12.684,41.453],[12.661,41.456],[12.641,41.453],[12.631,41.444],[12.618,41.446],[12.609,41.465],[12.553,41.534],[12.44,41.638],[12.353,41.695],[12.282,41.727],[12.235,41.739],[12.256,41.746],[12.231,41.741],[12.222,41.744],[12.219,41.751],[12.224,41.745],[12.229,41.751],[12.22,41.768],[12.224,41.783],[12.203,41.83],[12.178,41.872],[12.141,41.915],[12.052,41.956],[12.022,41.984],[11.979,41.997],[11.964,42.014],[11.915,42.039],[11.835,42.029],[11.812,42.06],[11.807,42.08],[11.779,42.093],[11.77,42.102],[11.786,42.091],[11.788,42.096],[11.76,42.112],[11.763,42.122],[11.755,42.126],[11.734,42.158],[11.739,42.171],[11.664,42.269],[11.632,42.295],[11.562,42.335],[11.45,42.378],[11.451,42.395],[11.477,42.414],[11.481,42.434],[11.489,42.439],[11.518,42.434],[11.544,42.442],[11.618,42.436],[11.616,42.488],[11.593,42.495],[11.584,42.507],[11.561,42.517],[11.57,42.534],[11.586,42.542],[11.579,42.567],[11.604,42.568],[11.614,42.557],[11.625,42.569],[11.644,42.567],[11.658,42.577],[11.682,42.582],[11.686,42.585],[11.68,42.595],[11.71,42.61],[11.736,42.607],[11.752,42.626],[11.75,42.64],[11.781,42.635],[11.805,42.644],[11.809,42.659],[11.8,42.668],[11.785,42.672],[11.78,42.705],[11.802,42.707],[11.819,42.745],[11.809,42.753],[11.779,42.758],[11.765,42.779],[11.746,42.786],[11.769,42.82],[11.787,42.815],[11.806,42.795],[11.811,42.807]]],[[[12.969,40.922],[12.96,40.898],[12.969,40.894],[12.954,40.878],[12.948,40.887],[12.954,40.895],[12.943,40.897],[12.948,40.919],[12.984,40.936],[12.996,40.932],[12.969,40.922]]]]}},{"type":"Feature","properties":{"name":"Campania"},"geometry":{"type":"MultiPolygon","coordinates":[[[[14.087,41.46],[14.082,41.465],[14.112,41.489],[14.121,41.507],[14.165,41.479],[14.172,41.499],[14.241,41.497],[14.249,41.485],[14.279,41.486],[14.292,41.476],[14.284,41.472],[14.327,41.453],[14.401,41.437],[14.413,41.441],[14.431,41.429],[14.455,41.428],[14.477,41.419],[14.489,41.391],[14.505,41.382],[14.551,41.379],[14.566,41.392],[14.603,41.364],[14.643,41.394],[14.662,41.394],[14.666,41.407],[14.7,41.411],[14.717,41.401],[14.748,41.408],[14.765,41.417],[14.771,41.442],[14.785,41.452],[14.806,41.448],[14.843,41.427],[14.864,41.426],[14.885,41.445],[14.947,41.456],[14.982,41.469],[14.99,41.48],[15.008,41.486],[15.023,41.477],[15.032,41.453],[15.076,41.433],[15.098,41.434],[15.101,41.43],[15.103,41.421],[15.092,41.418],[15.087,41.407],[15.098,41.391],[15.08,41.388],[15.058,41.372],[15.072,41.332],[15.131,41.317],[15.127,41.303],[15.149,41.28],[15.201,41.286],[15.2,41.279],[15.216,41.276],[15.22,41.265],[15.236,41.272],[15.25,41.27],[15.279,41.243],[15.246,41.236],[15.246,41.224],[15.262,41.198],[15.224,41.182],[15.21,41.164],[15.211,41.149],[15.236,41.14],[15.264,41.113],[15.262,41.108],[15.283,41.097],[15.298,41.094],[15.314,41.104],[15.366,41.085],[15.396,41.107],[15.426,41.095],[15.446,41.078],[15.478,41.079],[15.548,41.053],[15.553,41.038],[15.563,41.031],[15.559,41.022],[15.57,41.002],[15.568,40.976],[15.544,40.948],[15.527,40.908],[15.468,40.89],[15.473,40.874],[15.461,40.867],[15.429,40.88],[15.403,40.882],[15.388,40.876],[15.373,40.886],[15.354,40.883],[15.355,40.871],[15.378,40.868],[15.377,40.836],[15.335,40.835],[15.366,40.812],[15.381,40.811],[15.366,40.8],[15.388,40.793],[15.381,40.782],[15.391,40.767],[15.379,40.751],[15.381,40.724],[15.41,40.713],[15.43,40.692],[15.504,40.664],[15.489,40.646],[15.467,40.639],[15.449,40.609],[15.474,40.593],[15.51,40.586],[15.52,40.57],[15.533,40.573],[15.539,40.568],[15.529,40.556],[15.542,40.532],[15.535,40.522],[15.55,40.509],[15.535,40.5],[15.539,40.488],[15.576,40.47],[15.59,40.448],[15.587,40.444],[15.648,40.414],[15.663,40.392],[15.671,40.398],[15.701,40.384],[15.71,40.376],[15.705,40.342],[15.727,40.315],[15.748,40.299],[15.79,40.29],[15.806,40.273],[15.8,40.268],[15.804,40.251],[15.788,40.237],[15.796,40.222],[15.773,40.217],[15.751,40.202],[15.731,40.199],[15.728,40.186],[15.713,40.178],[15.716,40.169],[15.701,40.161],[15.709,40.139],[15.706,40.118],[15.677,40.084],[15.652,40.079],[15.669,40.073],[15.676,40.055],[15.645,40.043],[15.627,40.056],[15.632,40.068],[15.625,40.074],[15.617,40.068],[15.575,40.078],[15.524,40.072],[15.505,40.065],[15.481,40.039],[15.458,40.03],[15.42,39.99],[15.383,40.0],[15.355,40.0],[15.315,40.032],[15.271,40.022],[15.268,40.031],[15.279,40.03],[15.285,40.036],[15.271,40.074],[15.205,40.123],[15.178,40.128],[15.133,40.171],[15.113,40.177],[15.066,40.165],[15.035,40.172],[14.991,40.219],[14.969,40.222],[14.951,40.233],[14.935,40.229],[14.91,40.244],[14.905,40.253],[14.944,40.278],[14.946,40.306],[14.939,40.319],[14.945,40.336],[14.969,40.341],[14.983,40.355],[14.981,40.351],[14.995,40.354],[14.999,40.388],[14.978,40.431],[14.894,40.566],[14.848,40.618],[14.791,40.664],[14.749,40.678],[14.718,40.666],[14.689,40.634],[14.625,40.648],[14.573,40.613],[14.539,40.613],[14.528,40.607],[14.511,40.62],[14.486,40.627],[14.419,40.61],[14.407,40.599],[14.347,40.58],[14.346,40.572],[14.338,40.57],[14.338,40.577],[14.325,40.569],[14.323,40.59],[14.341,40.618],[14.339,40.626],[14.354,40.633],[14.378,40.629],[14.4,40.638],[14.408,40.652],[14.404,40.656],[14.431,40.666],[14.448,40.688],[14.478,40.695],[14.482,40.703],[14.471,40.729],[14.449,40.753],[14.4,40.758],[14.316,40.825],[14.27,40.843],[14.247,40.829],[14.223,40.829],[14.208,40.812],[14.207,40.802],[14.19,40.794],[14.175,40.799],[14.161,40.793],[14.16,40.798],[14.173,40.802],[14.162,40.815],[14.125,40.82],[14.105,40.831],[14.086,40.83],[14.072,40.818],[14.082,40.812],[14.088,40.794],[14.078,40.79],[14.089,40.787],[14.089,40.778],[14.078,40.787],[14.039,40.792],[14.047,40.85],[14.035,40.891],[14.016,40.929],[13.985,40.968],[13.922,41.026],[13.894,41.09],[13.832,41.167],[13.762,41.223],[13.772,41.242],[13.815,41.245],[13.834,41.255],[13.84,41.262],[13.831,41.266],[13.828,41.281],[13.851,41.29],[13.882,41.291],[13.89,41.297],[13.895,41.312],[13.874,41.336],[13.878,41.341],[13.871,41.365],[13.884,41.383],[13.876,41.396],[13.885,41.4],[13.864,41.409],[13.863,41.419],[13.877,41.426],[13.904,41.426],[13.961,41.464],[13.975,41.463],[14.007,41.452],[14.008,41.44],[14.001,41.431],[14.027,41.417],[14.042,41.393],[14.085,41.4],[14.111,41.386],[14.104,41.406],[14.106,41.422],[14.078,41.447],[14.087,41.46]]],[[[14.231,40.542],[14.197,40.536],[14.2,40.561],[14.242,40.556],[14.26,40.561],[14.266,40.557],[14.253,40.543],[14.244,40.547],[14.231,40.542]]],[[[13.954,40.707],[13.954,40.701],[13.94,40.707],[13.924,40.698],[13.873,40.698],[13.853,40.71],[13.861,40.718],[13.855,40.737],[13.868,40.751],[13.862,40.757],[13.884,40.759],[13.892,40.753],[13.924,40.751],[13.955,40.74],[13.965,40.717],[13.954,40.707]]]]}},{"type":"Feature","properties":{"name":"Abruzzo"},"geometry":{"type":"MultiPolygon","coordinates":[[[[13.941,41.688],[13.919,41.718],[13.904,41.718],[13.892,41.735],[13.879,41.729],[13.856,41.731],[13.823,41.741],[13.812,41.754],[13.79,41.743],[13.767,41.749],[13.749,41.761],[13.749,41.773],[13.731,41.787],[13.73,41.799],[13.717,41.798],[13.706,41.787],[13.674,41.807],[13.649,41.811],[13.638,41.804],[13.643,41.792],[13.631,41.783],[13.586,41.766],[13.572,41.754],[13.52,41.773],[13.522,41.78],[13.505,41.802],[13.47,41.807],[13.454,41.822],[13.417,41.835],[13.396,41.834],[13.391,41.819],[13.38,41.817],[13.367,41.833],[13.367,41.863],[13.359,41.869],[13.383,41.901],[13.365,41.924],[13.345,41.922],[13.308,41.953],[13.287,41.95],[13.265,41.967],[13.242,41.972],[13.227,41.984],[13.199,41.986],[13.105,42.026],[13.097,42.022],[13.101,42.008],[13.055,42.016],[13.046,42.035],[13.027,42.05],[13.019,42.074],[13.032,42.106],[13.031,42.122],[13.039,42.117],[13.057,42.123],[13.086,42.144],[13.093,42.161],[13.087,42.178],[13.12,42.177],[13.17,42.151],[13.183,42.159],[13.195,42.158],[13.237,42.129],[13.249,42.127],[13.27,42.138],[13.305,42.138],[13.317,42.154],[13.328,42.155],[13.323,42.161],[13.327,42.164],[13.354,42.167],[13.342,42.177],[13.38,42.18],[13.341,42.198],[13.332,42.208],[13.339,42.215],[13.336,42.222],[13.283,42.237],[13.27,42.255],[13.243,42.269],[13.229,42.287],[13.226,42.319],[13.191,42.332],[13.153,42.357],[13.194,42.389],[13.189,42.4],[13.155,42.414],[13.116,42.444],[13.14,42.463],[13.154,42.462],[13.178,42.479],[13.171,42.485],[13.178,42.513],[13.167,42.516],[13.156,42.54],[13.174,42.545],[13.174,42.568],[13.192,42.578],[13.191,42.588],[13.246,42.573],[13.253,42.581],[13.279,42.583],[13.293,42.57],[13.322,42.579],[13.382,42.581],[13.394,42.591],[13.39,42.608],[13.409,42.64],[13.373,42.649],[13.349,42.669],[13.359,42.696],[13.39,42.687],[13.427,42.706],[13.437,42.699],[13.438,42.718],[13.448,42.732],[13.493,42.737],[13.504,42.75],[13.504,42.775],[13.53,42.796],[13.535,42.817],[13.575,42.801],[13.624,42.817],[13.636,42.803],[13.664,42.807],[13.699,42.823],[13.711,42.843],[13.707,42.849],[13.774,42.859],[13.822,42.88],[13.908,42.895],[13.921,42.892],[13.942,42.809],[13.993,42.713],[14.109,42.563],[14.185,42.494],[14.229,42.469],[14.261,42.44],[14.421,42.355],[14.412,42.357],[14.41,42.348],[14.426,42.326],[14.5,42.274],[14.51,42.252],[14.621,42.199],[14.696,42.176],[14.713,42.177],[14.722,42.129],[14.718,42.106],[14.744,42.085],[14.779,42.07],[14.762,42.045],[14.783,42.034],[14.766,42.018],[14.724,42.0],[14.669,41.947],[14.664,41.916],[14.614,41.889],[14.598,41.851],[14.568,41.818],[14.55,41.815],[14.531,41.801],[14.53,41.788],[14.499,41.772],[14.49,41.761],[14.455,41.763],[14.464,41.777],[14.442,41.841],[14.434,41.842],[14.397,41.87],[14.379,41.866],[14.377,41.88],[14.361,41.875],[14.364,41.869],[14.359,41.861],[14.343,41.863],[14.324,41.896],[14.304,41.893],[14.284,41.911],[14.227,41.875],[14.219,41.857],[14.197,41.849],[14.197,41.843],[14.166,41.842],[14.147,41.827],[14.165,41.807],[14.171,41.778],[14.201,41.768],[14.194,41.749],[14.179,41.749],[14.172,41.766],[14.159,41.748],[14.121,41.745],[14.115,41.735],[14.123,41.726],[14.107,41.707],[14.094,41.738],[14.07,41.737],[14.053,41.719],[14.053,41.702],[14.032,41.702],[14.019,41.682],[13.983,41.695],[13.956,41.696],[13.941,41.688]]]]}},{"type":"Feature","properties":{"name":"Molise"},"geometry":{"type":"MultiPolygon","coordinates":[[[[14.419,41.435],[14.413,41.441],[14.401,41.437],[14.327,41.453],[14.284,41.472],[14.292,41.476],[14.279,41.486],[14.249,41.485],[14.241,41.497],[14.172,41.499],[14.165,41.479],[14.121,41.507],[14.112,41.489],[14.082,41.465],[14.087,41.46],[14.078,41.447],[14.106,41.422],[14.104,41.406],[14.111,41.386],[14.085,41.4],[14.042,41.393],[14.027,41.417],[14.001,41.431],[14.008,41.44],[14.007,41.452],[13.978,41.462],[13.993,41.482],[13.973,41.494],[13.995,41.513],[14.028,41.523],[14.005,41.539],[14.021,41.542],[14.026,41.556],[13.999,41.574],[14.01,41.593],[14.011,41.608],[13.997,41.624],[13.988,41.655],[13.941,41.688],[13.956,41.696],[13.983,41.695],[14.019,41.682],[14.032,41.702],[14.053,41.702],[14.053,41.719],[14.07,41.737],[14.094,41.738],[14.107,41.707],[14.123,41.726],[14.115,41.735],[14.121,41.745],[14.159,41.748],[14.172,41.766],[14.179,41.749],[14.194,41.749],[14.201,41.768],[14.171,41.779],[14.165,41.807],[14.147,41.827],[14.156,41.837],[14.178,41.845],[14.197,41.843],[14.197,41.849],[14.219,41.857],[14.227,41.875],[14.284,41.911],[14.304,41.893],[14.324,41.896],[14.343,41.863],[14.359,41.861],[14.364,41.869],[14.361,41.875],[14.377,41.88],[14.379,41.866],[14.397,41.87],[14.434,41.842],[14.442,41.841],[14.464,41.777],[14.455,41.763],[14.489,41.761],[14.499,41.772],[14.53,41.788],[14.531,41.801],[14.55,41.815],[14.568,41.818],[14.598,41.851],[14.614,41.889],[14.664,41.916],[14.669,41.947],[14.724,42.0],[14.78,42.03],[14.782,42.035],[14.762,42.045],[14.779,42.07],[14.892,42.024],[15.005,42.006],[15.008,42.002],[14.999,42.005],[15.004,41.992],[15.08,41.942],[15.138,41.928],[15.132,41.903],[15.141,41.879],[15.13,41.874],[15.119,41.854],[15.106,41.85],[15.101,41.837],[15.116,41.815],[15.117,41.799],[15.115,41.789],[15.102,41.782],[15.099,41.765],[15.117,41.749],[15.103,41.749],[15.102,41.743],[15.121,41.721],[15.161,41.709],[15.117,41.694],[15.106,41.686],[15.102,41.672],[15.09,41.682],[15.086,41.675],[15.09,41.672],[15.05,41.657],[15.045,41.637],[15.026,41.635],[15.026,41.623],[15.008,41.622],[14.989,41.638],[14.964,41.643],[14.955,41.642],[14.934,41.619],[14.946,41.61],[14.95,41.592],[14.936,41.542],[14.937,41.527],[14.966,41.519],[15.008,41.486],[14.99,41.48],[14.982,41.469],[14.947,41.456],[14.885,41.445],[14.864,41.426],[14.843,41.427],[14.806,41.448],[14.785,41.452],[14.771,41.442],[14.765,41.417],[14.748,41.408],[14.717,41.401],[14.7,41.411],[14.666,41.407],[14.662,41.394],[14.643,41.394],[14.603,41.364],[14.566,41.392],[14.551,41.379],[14.505,41.382],[14.489,41.391],[14.477,41.419],[14.419,41.435]]]]}},{"type":"Feature","properties":{"name":"Puglia"},"geometry":{"type":"MultiPolygon","coordinates":[[[[15.098,41.391],[15.087,41.405],[15.092,41.418],[15.103,41.421],[15.098,41.434],[15.076,41.433],[15.032,41.453],[15.023,41.477],[14.966,41.519],[14.939,41.525],[14.936,41.542],[14.95,41.592],[14.946,41.61],[14.934,41.619],[14.955,41.642],[14.964,41.643],[14.989,41.638],[15.008,41.622],[15.026,41.623],[15.026,41.635],[15.045,41.637],[15.05,41.657],[15.09,41.672],[15.086,41.675],[15.09,41.682],[15.102,41.672],[15.106,41.686],[15.117,41.694],[15.161,41.709],[15.121,41.721],[15.102,41.743],[15.103,41.749],[15.117,41.749],[15.099,41.765],[15.102,41.782],[15.115,41.789],[15.117,41.799],[15.116,41.815],[15.101,41.837],[15.106,41.85],[15.119,41.854],[15.13,41.874],[15.141,41.879],[15.132,41.903],[15.138,41.927],[15.205,41.919],[15.341,41.917],[15.363,41.903],[15.406,41.901],[15.502,41.909],[15.62,41.929],[15.701,41.914],[15.898,41.93],[16.013,41.95],[16.086,41.94],[16.118,41.917],[16.141,41.914],[16.161,41.892],[16.185,41.884],[16.178,41.88],[16.176,41.86],[16.197,41.822],[16.195,41.796],[16.187,41.773],[16.168,41.766],[16.162,41.754],[16.144,41.742],[16.105,41.73],[16.036,41.678],[15.938,41.638],[15.949,41.62],[15.936,41.637],[15.902,41.616],[15.894,41.576],[15.903,41.535],[15.926,41.493],[15.957,41.462],[15.996,41.438],[16.213,41.357],[16.26,41.33],[16.359,41.305],[16.419,41.283],[16.452,41.261],[16.531,41.239],[16.585,41.208],[16.776,41.161],[16.809,41.141],[16.845,41.14],[16.852,41.13],[16.871,41.136],[16.867,41.143],[16.854,41.145],[16.868,41.143],[16.873,41.126],[16.88,41.122],[17.091,41.063],[17.146,41.036],[17.176,41.029],[17.206,41.001],[17.238,40.992],[17.302,40.958],[17.35,40.906],[17.389,40.892],[17.422,40.866],[17.466,40.844],[17.478,40.83],[17.557,40.799],[17.707,40.758],[17.839,40.691],[17.926,40.679],[17.936,40.686],[17.954,40.664],[17.976,40.663],[17.968,40.657],[17.962,40.663],[17.952,40.647],[17.927,40.64],[17.944,40.643],[17.951,40.637],[17.953,40.645],[17.969,40.649],[17.984,40.644],[17.999,40.649],[18.014,40.642],[18.018,40.622],[18.045,40.598],[18.035,40.573],[18.037,40.564],[18.074,40.539],[18.081,40.525],[18.127,40.493],[18.203,40.467],[18.235,40.448],[18.301,40.395],[18.315,40.375],[18.359,40.345],[18.385,40.316],[18.425,40.291],[18.43,40.273],[18.441,40.269],[18.464,40.225],[18.458,40.21],[18.461,40.199],[18.478,40.18],[18.49,40.147],[18.514,40.138],[18.507,40.125],[18.52,40.107],[18.483,40.077],[18.474,40.044],[18.436,40.025],[18.432,40.001],[18.417,39.995],[18.408,39.977],[18.39,39.907],[18.399,39.88],[18.385,39.841],[18.391,39.819],[18.369,39.794],[18.334,39.796],[18.326,39.807],[18.266,39.836],[18.203,39.839],[18.148,39.863],[18.086,39.901],[18.05,39.928],[18.03,39.949],[18.026,39.963],[18.013,39.969],[17.993,40.0],[18.006,39.996],[18.015,40.003],[18.021,40.016],[18.017,40.032],[18.004,40.047],[17.973,40.055],[17.983,40.062],[17.977,40.057],[17.989,40.059],[18.004,40.071],[18.011,40.086],[18.01,40.109],[17.986,40.14],[17.967,40.147],[17.925,40.184],[17.918,40.201],[17.925,40.224],[17.895,40.251],[17.91,40.241],[17.907,40.252],[17.861,40.284],[17.839,40.282],[17.761,40.298],[17.743,40.295],[17.681,40.304],[17.508,40.295],[17.495,40.31],[17.458,40.317],[17.443,40.33],[17.395,40.332],[17.375,40.348],[17.34,40.362],[17.324,40.362],[17.296,40.379],[17.279,40.38],[17.223,40.409],[17.206,40.409],[17.202,40.414],[17.209,40.421],[17.233,40.425],[17.247,40.438],[17.248,40.46],[17.227,40.48],[17.185,40.48],[17.181,40.493],[17.177,40.49],[17.166,40.501],[17.155,40.497],[17.163,40.506],[17.145,40.495],[17.146,40.51],[17.113,40.52],[17.069,40.518],[16.99,40.492],[16.924,40.452],[16.867,40.398],[16.861,40.4],[16.834,40.412],[16.81,40.433],[16.803,40.457],[16.758,40.463],[16.754,40.47],[16.744,40.465],[16.72,40.48],[16.736,40.511],[16.717,40.524],[16.722,40.537],[16.706,40.554],[16.716,40.587],[16.712,40.593],[16.728,40.601],[16.714,40.614],[16.71,40.63],[16.727,40.688],[16.696,40.703],[16.704,40.711],[16.709,40.705],[16.725,40.714],[16.673,40.738],[16.663,40.749],[16.662,40.737],[16.653,40.736],[16.633,40.753],[16.594,40.753],[16.586,40.763],[16.575,40.762],[16.567,40.753],[16.578,40.742],[16.568,40.737],[16.553,40.758],[16.531,40.745],[16.538,40.742],[16.544,40.726],[16.54,40.725],[16.501,40.762],[16.475,40.734],[16.43,40.704],[16.4,40.707],[16.385,40.733],[16.347,40.752],[16.316,40.783],[16.284,40.799],[16.243,40.838],[16.214,40.905],[16.202,40.918],[16.163,40.929],[16.138,40.918],[16.134,40.907],[16.121,40.898],[16.092,40.921],[15.977,40.958],[15.972,40.972],[16.008,40.972],[16.027,40.991],[16.032,41.001],[16.028,41.024],[16.04,41.028],[16.04,41.034],[16.009,41.057],[15.999,41.055],[15.978,41.093],[15.954,41.093],[15.96,41.1],[15.954,41.109],[15.921,41.112],[15.87,41.14],[15.865,41.131],[15.855,41.133],[15.843,41.124],[15.834,41.13],[15.825,41.118],[15.804,41.111],[15.799,41.092],[15.791,41.088],[15.768,41.083],[15.742,41.099],[15.72,41.09],[15.684,41.087],[15.623,41.098],[15.586,41.098],[15.56,41.088],[15.55,41.075],[15.54,41.072],[15.543,41.056],[15.49,41.07],[15.478,41.079],[15.446,41.078],[15.426,41.095],[15.396,41.107],[15.366,41.085],[15.314,41.104],[15.298,41.094],[15.283,41.097],[15.262,41.108],[15.264,41.113],[15.236,41.14],[15.216,41.145],[15.208,41.156],[15.224,41.182],[15.262,41.198],[15.246,41.224],[15.246,41.236],[15.279,41.243],[15.25,41.27],[15.236,41.272],[15.22,41.265],[15.216,41.276],[15.2,41.279],[15.201,41.286],[15.149,41.28],[15.127,41.303],[15.131,41.317],[15.072,41.332],[15.058,41.372],[15.08,41.388],[15.098,41.391]]]]}},{"type":"Feature","properties":{"name":"Basilicata"},"geometry":{"type":"MultiPolygon","coordinates":[[[[15.466,40.634],[15.499,40.653],[15.504,40.664],[15.43,40.692],[15.41,40.713],[15.381,40.724],[15.379,40.751],[15.391,40.767],[15.381,40.782],[15.388,40.793],[15.366,40.8],[15.381,40.811],[15.366,40.812],[15.335,40.835],[15.377,40.836],[15.378,40.868],[15.355,40.871],[15.354,40.883],[15.373,40.886],[15.388,40.876],[15.403,40.882],[15.429,40.88],[15.461,40.867],[15.473,40.874],[15.468,40.89],[15.527,40.908],[15.544,40.948],[15.568,40.976],[15.57,41.002],[15.559,41.022],[15.563,41.031],[15.553,41.038],[15.539,41.07],[15.56,41.088],[15.586,41.098],[15.613,41.098],[15.684,41.087],[15.72,41.09],[15.739,41.099],[15.753,41.097],[15.768,41.083],[15.798,41.091],[15.804,41.111],[15.825,41.118],[15.832,41.129],[15.845,41.124],[15.855,41.133],[15.865,41.131],[15.87,41.14],[15.921,41.112],[15.954,41.109],[15.96,41.1],[15.954,41.093],[15.978,41.093],[15.999,41.055],[16.009,41.057],[16.04,41.034],[16.04,41.028],[16.028,41.024],[16.032,41.001],[16.027,40.991],[16.008,40.972],[15.972,40.972],[15.977,40.958],[16.092,40.921],[16.121,40.898],[16.134,40.907],[16.138,40.918],[16.163,40.929],[16.202,40.918],[16.214,40.905],[16.243,40.838],[16.284,40.799],[16.316,40.783],[16.347,40.752],[16.385,40.733],[16.4,40.707],[16.43,40.704],[16.475,40.734],[16.501,40.762],[16.538,40.725],[16.543,40.73],[16.531,40.745],[16.537,40.753],[16.554,40.758],[16.572,40.737],[16.578,40.742],[16.568,40.758],[16.586,40.763],[16.594,40.753],[16.633,40.753],[16.653,40.736],[16.662,40.737],[16.663,40.749],[16.673,40.738],[16.725,40.714],[16.709,40.705],[16.704,40.711],[16.696,40.703],[16.727,40.688],[16.71,40.63],[16.714,40.614],[16.728,40.601],[16.712,40.593],[16.716,40.587],[16.706,40.554],[16.722,40.537],[16.717,40.524],[16.736,40.511],[16.72,40.48],[16.744,40.465],[16.754,40.47],[16.758,40.463],[16.803,40.457],[16.81,40.433],[16.834,40.412],[16.867,40.398],[16.782,40.296],[16.752,40.249],[16.733,40.203],[16.686,40.147],[16.645,40.118],[16.623,40.131],[16.587,40.133],[16.53,40.118],[16.518,40.129],[16.495,40.125],[16.453,40.135],[16.44,40.13],[16.421,40.144],[16.42,40.129],[16.41,40.12],[16.414,40.081],[16.394,40.045],[16.398,40.017],[16.361,39.966],[16.358,39.954],[16.347,39.949],[16.34,39.937],[16.348,39.925],[16.36,39.92],[16.351,39.899],[16.316,39.929],[16.267,39.935],[16.234,39.925],[16.214,39.927],[16.219,39.918],[16.215,39.896],[16.158,39.92],[16.138,39.901],[16.101,39.906],[16.081,39.896],[16.049,39.895],[16.042,39.912],[16.017,39.926],[16.022,39.934],[16.007,39.957],[16.034,39.982],[16.03,39.993],[16.009,39.996],[16.002,39.988],[15.978,39.984],[15.969,39.992],[15.928,40.001],[15.898,39.982],[15.89,39.995],[15.879,39.996],[15.868,39.988],[15.848,40.006],[15.82,40.002],[15.795,39.971],[15.774,39.962],[15.766,39.931],[15.756,39.924],[15.736,39.942],[15.732,39.962],[15.675,40.015],[15.675,40.03],[15.664,40.04],[15.644,40.042],[15.676,40.055],[15.669,40.073],[15.652,40.079],[15.677,40.084],[15.706,40.118],[15.709,40.14],[15.701,40.158],[15.716,40.17],[15.713,40.178],[15.728,40.186],[15.734,40.202],[15.751,40.202],[15.773,40.217],[15.795,40.221],[15.788,40.237],[15.804,40.251],[15.8,40.268],[15.806,40.273],[15.79,40.29],[15.748,40.299],[15.727,40.315],[15.705,40.342],[15.71,40.376],[15.701,40.384],[15.671,40.398],[15.663,40.392],[15.648,40.414],[15.587,40.444],[15.59,40.448],[15.576,40.47],[15.539,40.488],[15.535,40.5],[15.55,40.509],[15.535,40.522],[15.542,40.532],[15.529,40.556],[15.539,40.568],[15.533,40.573],[15.52,40.57],[15.51,40.586],[15.474,40.593],[15.449,40.609],[15.466,40.634]]]]}},{"type":"Feature","properties":{"name":"Calabria"},"geometry":{"type":"MultiPolygon","coordinates":[[[[15.974,39.468],[15.961,39.476],[15.925,39.527],[15.886,39.542],[15.876,39.552],[15.832,39.668],[15.816,39.68],[15.785,39.817],[15.777,39.821],[15.777,39.832],[15.769,39.836],[15.779,39.848],[15.789,39.849],[15.792,39.86],[15.779,39.894],[15.756,39.924],[15.766,39.931],[15.774,39.961],[15.795,39.971],[15.82,40.002],[15.848,40.006],[15.868,39.988],[15.879,39.996],[15.89,39.995],[15.898,39.982],[15.928,40.001],[15.969,39.992],[15.978,39.984],[16.02,39.996],[16.03,39.993],[16.034,39.983],[16.007,39.957],[16.022,39.934],[16.017,39.926],[16.042,39.912],[16.049,39.895],[16.081,39.896],[16.101,39.906],[16.138,39.901],[16.158,39.92],[16.215,39.896],[16.219,39.918],[16.214,39.927],[16.234,39.925],[16.267,39.935],[16.316,39.929],[16.351,39.899],[16.36,39.92],[16.348,39.925],[16.34,39.937],[16.347,39.949],[16.358,39.954],[16.361,39.966],[16.398,40.017],[16.394,40.045],[16.414,40.081],[16.41,40.12],[16.42,40.129],[16.421,40.144],[16.44,40.13],[16.453,40.135],[16.495,40.125],[16.518,40.129],[16.53,40.118],[16.586,40.133],[16.627,40.13],[16.644,40.117],[16.606,40.08],[16.599,40.04],[16.613,39.987],[16.63,39.966],[16.628,39.959],[16.538,39.871],[16.502,39.826],[16.489,39.796],[16.492,39.752],[16.506,39.736],[16.529,39.724],[16.526,39.68],[16.518,39.668],[16.525,39.659],[16.529,39.666],[16.567,39.641],[16.619,39.622],[16.733,39.616],[16.755,39.624],[16.77,39.621],[16.813,39.592],[16.833,39.561],[16.867,39.539],[16.961,39.495],[17.022,39.484],[17.046,39.444],[17.081,39.422],[17.119,39.406],[17.157,39.401],[17.136,39.375],[17.11,39.309],[17.107,39.251],[17.148,39.206],[17.116,39.141],[17.108,39.107],[17.115,39.091],[17.136,39.084],[17.127,39.096],[17.135,39.087],[17.132,39.065],[17.146,39.047],[17.175,39.032],[17.207,39.028],[17.204,39.022],[17.188,39.02],[17.166,38.997],[17.16,38.979],[17.169,38.955],[17.101,38.905],[17.094,38.893],[17.09,38.896],[17.093,38.906],[17.083,38.913],[17.042,38.919],[17.022,38.906],[16.986,38.937],[16.951,38.938],[16.876,38.925],[16.791,38.901],[16.615,38.819],[16.571,38.772],[16.567,38.765],[16.57,38.755],[16.535,38.713],[16.537,38.702],[16.555,38.691],[16.559,38.681],[16.556,38.655],[16.571,38.589],[16.572,38.535],[16.58,38.502],[16.583,38.455],[16.564,38.42],[16.467,38.341],[16.343,38.303],[16.318,38.288],[16.165,38.136],[16.143,38.029],[16.113,37.977],[16.064,37.926],[15.995,37.917],[15.92,37.93],[15.764,37.916],[15.678,37.954],[15.637,38.006],[15.634,38.02],[15.653,38.029],[15.657,38.04],[15.648,38.054],[15.652,38.066],[15.635,38.076],[15.631,38.102],[15.648,38.116],[15.656,38.135],[15.651,38.159],[15.634,38.186],[15.633,38.222],[15.636,38.232],[15.693,38.251],[15.749,38.257],[15.794,38.28],[15.825,38.315],[15.833,38.356],[15.86,38.382],[15.876,38.422],[15.89,38.439],[15.908,38.445],[15.902,38.446],[15.916,38.47],[15.911,38.473],[15.899,38.447],[15.892,38.445],[15.911,38.478],[15.931,38.547],[15.844,38.613],[15.827,38.619],[15.836,38.645],[15.871,38.672],[15.948,38.691],[15.986,38.723],[16.041,38.727],[16.106,38.712],[16.139,38.72],[16.189,38.756],[16.211,38.805],[16.22,38.839],[16.216,38.925],[16.158,38.95],[16.136,38.991],[16.099,39.029],[16.066,39.141],[16.052,39.295],[16.001,39.431],[15.974,39.468]]]]}},{"type":"Feature","properties":{"name":"Sicilia"},"geometry":{"type":"MultiPolygon","coordinates":[[[[12.908,38.025],[12.985,38.043],[13.078,38.088],[13.068,38.12],[13.053,38.137],[13.072,38.142],[13.07,38.148],[13.085,38.161],[13.079,38.174],[13.105,38.19],[13.16,38.186],[13.163,38.171],[13.191,38.169],[13.238,38.186],[13.244,38.193],[13.242,38.2],[13.272,38.199],[13.315,38.225],[13.328,38.212],[13.33,38.199],[13.356,38.191],[13.366,38.182],[13.376,38.152],[13.37,38.144],[13.375,38.129],[13.369,38.135],[13.363,38.13],[13.384,38.109],[13.443,38.095],[13.504,38.108],[13.507,38.119],[13.538,38.113],[13.534,38.102],[13.542,38.078],[13.536,38.067],[13.565,38.04],[13.651,37.999],[13.709,37.991],[13.723,37.986],[13.704,37.99],[13.708,37.979],[13.745,37.97],[13.835,37.983],[13.946,38.029],[14.006,38.032],[14.023,38.041],[14.065,38.019],[14.11,38.015],[14.146,38.027],[14.172,38.019],[14.288,38.007],[14.342,38.019],[14.373,38.016],[14.427,38.041],[14.47,38.033],[14.522,38.042],[14.556,38.06],[14.585,38.059],[14.617,38.073],[14.636,38.073],[14.678,38.099],[14.749,38.166],[14.787,38.152],[14.891,38.172],[14.915,38.192],[14.94,38.18],[14.973,38.152],[15.047,38.149],[15.056,38.142],[15.056,38.132],[15.078,38.121],[15.097,38.121],[15.174,38.153],[15.211,38.186],[15.241,38.244],[15.236,38.266],[15.225,38.27],[15.238,38.27],[15.252,38.252],[15.241,38.217],[15.259,38.208],[15.293,38.206],[15.354,38.218],[15.429,38.242],[15.517,38.296],[15.541,38.301],[15.589,38.28],[15.653,38.268],[15.582,38.245],[15.558,38.197],[15.56,38.188],[15.569,38.194],[15.562,38.197],[15.575,38.193],[15.533,38.146],[15.494,38.075],[15.349,37.923],[15.346,37.91],[15.306,37.878],[15.297,37.862],[15.302,37.853],[15.273,37.836],[15.269,37.828],[15.275,37.822],[15.245,37.796],[15.214,37.756],[15.205,37.737],[15.218,37.708],[15.199,37.677],[15.199,37.654],[15.175,37.633],[15.177,37.576],[15.166,37.572],[15.143,37.544],[15.115,37.531],[15.117,37.523],[15.099,37.501],[15.1,37.484],[15.096,37.501],[15.086,37.482],[15.091,37.359],[15.1,37.317],[15.105,37.31],[15.135,37.31],[15.162,37.289],[15.172,37.293],[15.189,37.282],[15.206,37.293],[15.256,37.241],[15.247,37.232],[15.231,37.243],[15.224,37.239],[15.232,37.198],[15.217,37.224],[15.213,37.247],[15.197,37.235],[15.186,37.236],[15.195,37.226],[15.183,37.216],[15.185,37.195],[15.201,37.178],[15.2,37.165],[15.206,37.153],[15.221,37.15],[15.234,37.159],[15.244,37.146],[15.229,37.153],[15.22,37.143],[15.221,37.128],[15.237,37.115],[15.263,37.106],[15.296,37.107],[15.3,37.079],[15.29,37.066],[15.297,37.058],[15.294,37.054],[15.281,37.066],[15.275,37.062],[15.271,37.054],[15.276,37.039],[15.289,37.033],[15.303,37.043],[15.337,37.007],[15.335,37.002],[15.315,37.004],[15.302,37.015],[15.275,37.007],[15.265,36.997],[15.269,36.987],[15.257,36.98],[15.262,36.974],[15.214,36.964],[15.18,36.939],[15.173,36.924],[15.153,36.914],[15.137,36.866],[15.127,36.866],[15.112,36.851],[15.106,36.806],[15.096,36.796],[15.103,36.758],[15.12,36.745],[15.123,36.703],[15.138,36.682],[15.132,36.667],[15.116,36.675],[15.08,36.648],[15.07,36.659],[15.057,36.662],[15.044,36.688],[15.018,36.702],[14.957,36.694],[14.91,36.724],[14.877,36.731],[14.849,36.727],[14.828,36.712],[14.817,36.717],[14.781,36.704],[14.778,36.711],[14.758,36.71],[14.747,36.72],[14.691,36.721],[14.672,36.742],[14.639,36.761],[14.588,36.777],[14.493,36.787],[14.467,36.815],[14.46,36.815],[14.444,36.87],[14.383,36.956],[14.308,37.028],[14.271,37.05],[14.263,37.046],[14.268,37.052],[14.259,37.058],[14.155,37.096],[14.078,37.11],[13.981,37.109],[13.934,37.095],[13.894,37.098],[13.866,37.11],[13.843,37.135],[13.824,37.144],[13.75,37.149],[13.728,37.169],[13.662,37.194],[13.644,37.226],[13.622,37.234],[13.596,37.257],[13.577,37.261],[13.576,37.268],[13.556,37.285],[13.533,37.284],[13.507,37.292],[13.479,37.287],[13.448,37.296],[13.429,37.304],[13.403,37.332],[13.351,37.359],[13.322,37.364],[13.293,37.39],[13.272,37.391],[13.256,37.422],[13.217,37.459],[13.196,37.465],[13.168,37.492],[13.148,37.497],[13.13,37.493],[13.077,37.506],[13.02,37.496],[12.994,37.536],[12.963,37.563],[12.918,37.577],[12.907,37.572],[12.858,37.583],[12.782,37.581],[12.684,37.56],[12.663,37.566],[12.629,37.603],[12.614,37.635],[12.604,37.642],[12.56,37.663],[12.518,37.661],[12.476,37.699],[12.47,37.705],[12.47,37.747],[12.443,37.788],[12.425,37.801],[12.441,37.816],[12.442,37.81],[12.462,37.817],[12.468,37.829],[12.465,37.847],[12.486,37.874],[12.459,37.908],[12.494,37.953],[12.499,37.966],[12.494,37.984],[12.507,37.994],[12.51,38.01],[12.52,38.009],[12.52,38.014],[12.493,38.016],[12.521,38.023],[12.57,38.069],[12.6,38.065],[12.645,38.079],[12.663,38.095],[12.657,38.107],[12.661,38.112],[12.678,38.114],[12.689,38.106],[12.71,38.109],[12.737,38.139],[12.716,38.173],[12.718,38.181],[12.732,38.19],[12.732,38.18],[12.739,38.176],[12.768,38.18],[12.768,38.154],[12.78,38.15],[12.791,38.135],[12.79,38.112],[12.811,38.081],[12.854,38.05],[12.869,38.051],[12.871,38.037],[12.881,38.029],[12.908,38.025]]],[[[12.308,37.956],[12.323,37.931],[12.344,37.937],[12.369,37.922],[12.366,37.906],[12.351,37.907],[12.337,37.92],[12.288,37.915],[12.281,37.92],[12.273,37.937],[12.278,37.945],[12.29,37.943],[12.308,37.956]]],[[[12.063,37.993],[12.065,37.979],[12.082,37.951],[12.091,37.948],[12.055,37.953],[12.045,37.96],[12.028,37.991],[12.063,37.993]]],[[[12.336,38.02],[12.353,37.993],[12.338,37.985],[12.327,37.989],[12.32,38.001],[12.336,38.02]]],[[[12.455,37.905],[12.448,37.895],[12.452,37.853],[12.446,37.844],[12.429,37.895],[12.455,37.905]]],[[[11.955,36.839],[11.973,36.835],[11.989,36.823],[12.013,36.825],[12.046,36.801],[12.055,36.775],[12.047,36.75],[12.023,36.734],[11.993,36.737],[11.982,36.744],[11.972,36.764],[11.956,36.772],[11.951,36.784],[11.927,36.803],[11.928,36.825],[11.955,36.839]]],[[[13.181,38.721],[13.2,38.709],[13.174,38.692],[13.154,38.694],[13.163,38.713],[13.181,38.721]]],[[[14.847,38.538],[14.796,38.561],[14.808,38.582],[14.872,38.581],[14.871,38.539],[14.847,38.538]]],[[[14.96,38.432],[14.969,38.425],[14.964,38.412],[14.981,38.41],[14.997,38.396],[15.003,38.371],[14.983,38.367],[14.949,38.388],[14.94,38.411],[14.956,38.419],[14.954,38.429],[14.96,38.432]]],[[[14.96,38.523],[14.963,38.491],[14.981,38.483],[14.955,38.474],[14.962,38.451],[14.953,38.439],[14.942,38.443],[14.935,38.459],[14.913,38.465],[14.9,38.478],[14.9,38.492],[14.905,38.511],[14.913,38.518],[14.96,38.523]]],[[[14.553,38.586],[14.576,38.581],[14.58,38.562],[14.593,38.556],[14.554,38.56],[14.539,38.578],[14.544,38.585],[14.553,38.586]]],[[[15.221,38.812],[15.243,38.803],[15.227,38.777],[15.217,38.772],[15.19,38.786],[15.19,38.796],[15.221,38.812]]],[[[12.541,35.529],[12.628,35.52],[12.633,35.516],[12.626,35.515],[12.625,35.505],[12.633,35.502],[12.632,35.494],[12.608,35.494],[12.604,35.503],[12.594,35.498],[12.564,35.512],[12.518,35.519],[12.527,35.528],[12.541,35.529]]]]}},{"type":"Feature","properties":{"name":"Sardegna"},"geometry":{"type":"MultiPolygon","coordinates":[[[[8.368,40.496],[8.338,40.5],[8.309,40.561],[8.315,40.561],[8.311,40.565],[8.317,40.565],[8.317,40.572],[8.295,40.593],[8.247,40.582],[8.244,40.57],[8.203,40.569],[8.198,40.576],[8.22,40.601],[8.209,40.615],[8.196,40.618],[8.173,40.594],[8.172,40.582],[8.163,40.581],[8.164,40.56],[8.15,40.586],[8.144,40.624],[8.187,40.639],[8.196,40.677],[8.205,40.68],[8.203,40.688],[8.175,40.695],[8.169,40.709],[8.133,40.731],[8.166,40.767],[8.161,40.791],[8.184,40.812],[8.193,40.835],[8.219,40.87],[8.222,40.892],[8.192,40.914],[8.176,40.935],[8.202,40.973],[8.236,40.949],[8.228,40.939],[8.239,40.903],[8.302,40.851],[8.343,40.841],[8.35,40.85],[8.385,40.851],[8.352,40.851],[8.35,40.84],[8.418,40.84],[8.452,40.821],[8.496,40.821],[8.546,40.828],[8.591,40.843],[8.625,40.864],[8.633,40.882],[8.7,40.915],[8.768,40.916],[8.79,40.922],[8.866,40.987],[8.877,41.009],[8.869,41.015],[8.888,41.017],[8.882,41.028],[8.892,41.027],[8.929,41.043],[8.982,41.087],[9.012,41.124],[9.046,41.138],[9.061,41.128],[9.108,41.134],[9.123,41.147],[9.121,41.155],[9.149,41.155],[9.159,41.161],[9.171,41.175],[9.154,41.197],[9.167,41.229],[9.16,41.236],[9.144,41.232],[9.138,41.239],[9.144,41.247],[9.165,41.236],[9.181,41.248],[9.194,41.246],[9.195,41.24],[9.215,41.255],[9.235,41.258],[9.237,41.246],[9.261,41.241],[9.28,41.229],[9.282,41.218],[9.27,41.197],[9.277,41.193],[9.288,41.219],[9.299,41.204],[9.29,41.193],[9.315,41.192],[9.32,41.203],[9.319,41.196],[9.332,41.185],[9.341,41.192],[9.331,41.195],[9.342,41.206],[9.354,41.203],[9.363,41.208],[9.37,41.183],[9.381,41.188],[9.386,41.181],[9.423,41.177],[9.422,41.166],[9.406,41.157],[9.43,41.155],[9.432,41.141],[9.443,41.135],[9.441,41.105],[9.45,41.104],[9.471,41.128],[9.464,41.137],[9.467,41.143],[9.519,41.143],[9.512,41.151],[9.522,41.157],[9.537,41.14],[9.526,41.134],[9.546,41.134],[9.54,41.114],[9.557,41.12],[9.567,41.116],[9.562,41.084],[9.549,41.079],[9.542,41.083],[9.543,41.09],[9.535,41.082],[9.529,41.069],[9.541,41.065],[9.523,41.052],[9.523,41.031],[9.505,41.009],[9.521,41.01],[9.53,41.018],[9.527,41.027],[9.561,41.038],[9.551,41.007],[9.555,41.004],[9.57,41.008],[9.577,41.003],[9.58,41.014],[9.586,41.011],[9.594,41.022],[9.631,41.002],[9.655,41.004],[9.664,40.994],[9.647,40.985],[9.611,41.003],[9.585,40.986],[9.584,40.976],[9.594,40.968],[9.568,40.942],[9.575,40.928],[9.539,40.926],[9.527,40.933],[9.508,40.929],[9.524,40.922],[9.508,40.924],[9.502,40.913],[9.561,40.921],[9.576,40.904],[9.589,40.9],[9.612,40.919],[9.644,40.92],[9.618,40.889],[9.636,40.884],[9.643,40.873],[9.646,40.88],[9.654,40.88],[9.653,40.863],[9.665,40.853],[9.681,40.861],[9.704,40.843],[9.727,40.843],[9.709,40.832],[9.686,40.835],[9.682,40.821],[9.692,40.811],[9.674,40.804],[9.671,40.785],[9.687,40.766],[9.718,40.751],[9.712,40.74],[9.716,40.709],[9.742,40.691],[9.75,40.678],[9.742,40.634],[9.753,40.616],[9.752,40.601],[9.791,40.57],[9.796,40.545],[9.828,40.528],[9.817,40.488],[9.793,40.443],[9.774,40.427],[9.764,40.391],[9.754,40.381],[9.73,40.375],[9.682,40.337],[9.636,40.283],[9.624,40.252],[9.63,40.19],[9.657,40.142],[9.689,40.108],[9.728,40.091],[9.736,40.077],[9.706,40.034],[9.699,40.002],[9.687,39.984],[9.687,39.948],[9.7,39.936],[9.711,39.939],[9.716,39.93],[9.713,39.922],[9.691,39.917],[9.682,39.901],[9.683,39.87],[9.697,39.853],[9.684,39.84],[9.67,39.786],[9.676,39.711],[9.66,39.697],[9.661,39.678],[9.647,39.652],[9.658,39.58],[9.651,39.549],[9.639,39.541],[9.632,39.504],[9.644,39.486],[9.645,39.461],[9.639,39.439],[9.631,39.433],[9.608,39.388],[9.598,39.352],[9.604,39.32],[9.634,39.299],[9.607,39.294],[9.582,39.265],[9.571,39.241],[9.563,39.198],[9.565,39.189],[9.578,39.184],[9.579,39.176],[9.57,39.167],[9.562,39.138],[9.532,39.129],[9.521,39.118],[9.524,39.095],[9.502,39.11],[9.509,39.122],[9.503,39.131],[9.484,39.135],[9.438,39.122],[9.434,39.13],[9.409,39.143],[9.392,39.145],[9.384,39.163],[9.369,39.175],[9.347,39.18],[9.322,39.204],[9.305,39.205],[9.297,39.213],[9.247,39.217],[9.231,39.228],[9.213,39.227],[9.167,39.206],[9.16,39.194],[9.17,39.189],[9.161,39.182],[9.14,39.189],[9.111,39.214],[9.07,39.199],[9.039,39.173],[9.019,39.149],[9.009,39.123],[9.017,39.087],[9.054,39.085],[9.025,39.081],[9.046,39.056],[9.024,39.02],[9.027,39.001],[9.018,38.996],[9.014,38.986],[9.0,38.986],[8.903,38.905],[8.855,38.876],[8.835,38.877],[8.822,38.893],[8.809,38.894],[8.806,38.9],[8.8,38.897],[8.801,38.884],[8.779,38.904],[8.782,38.912],[8.72,38.937],[8.719,38.926],[8.682,38.909],[8.664,38.913],[8.67,38.897],[8.654,38.898],[8.648,38.89],[8.659,38.882],[8.658,38.871],[8.64,38.865],[8.637,38.868],[8.647,38.876],[8.641,38.883],[8.646,38.894],[8.608,38.893],[8.607,38.904],[8.621,38.921],[8.619,38.949],[8.603,38.963],[8.587,38.956],[8.589,38.964],[8.566,38.997],[8.575,39.032],[8.565,39.045],[8.549,39.044],[8.531,39.059],[8.498,39.063],[8.468,39.055],[8.453,39.025],[8.45,38.989],[8.442,38.968],[8.414,38.955],[8.405,38.961],[8.364,39.032],[8.35,39.078],[8.358,39.088],[8.351,39.098],[8.361,39.101],[8.37,39.114],[8.38,39.1],[8.426,39.109],[8.434,39.095],[8.456,39.084],[8.467,39.057],[8.478,39.061],[8.488,39.085],[8.466,39.119],[8.44,39.115],[8.437,39.156],[8.414,39.172],[8.409,39.165],[8.417,39.148],[8.411,39.15],[8.399,39.194],[8.382,39.202],[8.369,39.216],[8.367,39.228],[8.424,39.268],[8.437,39.29],[8.432,39.311],[8.418,39.324],[8.42,39.333],[8.396,39.34],[8.396,39.347],[8.387,39.352],[8.389,39.363],[8.373,39.374],[8.379,39.374],[8.385,39.391],[8.404,39.408],[8.413,39.428],[8.411,39.441],[8.382,39.457],[8.387,39.476],[8.41,39.493],[8.45,39.545],[8.471,39.599],[8.466,39.616],[8.455,39.62],[8.45,39.633],[8.457,39.67],[8.445,39.678],[8.455,39.71],[8.447,39.718],[8.444,39.758],[8.451,39.769],[8.46,39.768],[8.498,39.721],[8.489,39.716],[8.503,39.714],[8.506,39.73],[8.521,39.746],[8.512,39.753],[8.532,39.772],[8.545,39.795],[8.556,39.849],[8.553,39.861],[8.546,39.86],[8.569,39.864],[8.544,39.866],[8.539,39.888],[8.53,39.899],[8.506,39.908],[8.49,39.902],[8.492,39.91],[8.466,39.904],[8.442,39.88],[8.435,39.858],[8.432,39.862],[8.439,39.875],[8.432,39.887],[8.399,39.904],[8.401,39.957],[8.394,39.98],[8.41,39.999],[8.414,40.017],[8.402,40.033],[8.381,40.03],[8.377,40.036],[8.397,40.044],[8.399,40.051],[8.412,40.041],[8.438,40.052],[8.444,40.048],[8.454,40.051],[8.493,40.087],[8.485,40.118],[8.458,40.154],[8.461,40.172],[8.456,40.177],[8.467,40.2],[8.462,40.214],[8.465,40.228],[8.484,40.274],[8.482,40.285],[8.471,40.291],[8.459,40.318],[8.443,40.319],[8.427,40.335],[8.383,40.339],[8.379,40.36],[8.389,40.371],[8.402,40.409],[8.395,40.438],[8.368,40.496]]],[[[8.319,41.121],[8.326,41.114],[8.323,41.106],[8.348,41.09],[8.335,41.079],[8.339,41.061],[8.326,41.054],[8.281,41.065],[8.275,41.056],[8.259,41.051],[8.266,41.046],[8.235,41.024],[8.248,41.027],[8.251,41.013],[8.264,41.001],[8.258,40.989],[8.21,40.988],[8.218,40.993],[8.211,41.004],[8.23,41.023],[8.22,41.029],[8.22,41.041],[8.245,41.047],[8.265,41.072],[8.284,41.075],[8.273,41.097],[8.276,41.105],[8.305,41.106],[8.319,41.121]]],[[[9.471,41.245],[9.482,41.237],[9.486,41.217],[9.48,41.216],[9.478,41.199],[9.465,41.19],[9.465,41.183],[9.481,41.185],[9.471,41.177],[9.47,41.169],[9.469,41.177],[9.454,41.192],[9.442,41.181],[9.436,41.187],[9.448,41.201],[9.456,41.2],[9.447,41.215],[9.459,41.228],[9.461,41.243],[9.471,41.245]]],[[[9.421,41.268],[9.436,41.247],[9.433,41.226],[9.439,41.235],[9.446,41.234],[9.436,41.229],[9.44,41.216],[9.383,41.21],[9.374,41.226],[9.377,41.234],[9.401,41.243],[9.4,41.258],[9.413,41.251],[9.415,41.268],[9.421,41.268]]],[[[9.735,40.924],[9.742,40.911],[9.693,40.888],[9.674,40.89],[9.735,40.924]]],[[[8.309,39.188],[8.306,39.163],[8.313,39.139],[8.306,39.103],[8.279,39.096],[8.248,39.108],[8.255,39.115],[8.252,39.129],[8.24,39.141],[8.221,39.145],[8.227,39.161],[8.257,39.17],[8.267,39.179],[8.297,39.179],[8.309,39.188]]]]}}]}